Daerah,Tahun,IHK,Trend,Lag1,Lag2,Lag3,Diff1,Growth_%,RollingMean3,RollingSTD3,ExpandingMean
BANYUWANGI,2018,126.594,3,123.74,121.15,116.57,2.853999999999999,2.306449005980271,123.82799999999999,2.7230666536094947,122.0135
BANYUWANGI,2019,126.594,4,126.594,123.74,121.15,0.0,0.0,125.64266666666667,1.6477576682672266,122.92960000000001
BANYUWANGI,2020,106.679,5,126.594,126.594,123.74,-19.914999999999992,-15.731393272982919,119.95566666666666,11.497930610911384,120.22116666666666
BANYUWANGI,2021,106.679,6,106.679,126.594,126.594,0.0,0.0,113.31733333333334,11.497930610911366,118.28657142857142
BANYUWANGI,2022,106.679,7,106.679,106.679,126.594,0.0,0.0,106.679,0.0,116.835625
BANYUWANGI,2023,112.72,8,106.679,106.679,106.679,6.040999999999997,5.662782740745609,108.69266666666668,3.487772976174391,116.37833333333333
BANYUWANGI,2024,115.155,9,112.72,106.679,106.679,2.4350000000000023,2.1602200141944694,111.51799999999999,4.36397147103406,116.256
BANYUWANGI,2025,115.155,10,115.155,112.72,106.679,0.0,0.0,114.34333333333335,1.4058479054765014,116.15590909090908
BANYUWANGI,2026,115.155,11,115.155,115.155,112.72,0.0,0.0,115.155,0.0,116.07249999999999
BULUKUMBA,2018,126.594,3,126.594,126.594,124.24,0.0,0.0,126.594,0.0,126.0055
BULUKUMBA,2019,126.594,4,126.594,126.594,126.594,0.0,0.0,126.594,0.0,126.1232
BULUKUMBA,2020,106.679,5,126.594,126.594,126.594,-19.914999999999992,-15.731393272982919,119.95566666666666,11.497930610911391,122.8825
BULUKUMBA,2021,107.05,6,106.679,126.594,126.594,0.3709999999999951,0.3477722888290957,113.44099999999999,11.39234247202917,120.62071428571429
BULUKUMBA,2022,109.29,7,107.05,106.679,126.594,2.240000000000009,2.092480149462883,107.673,1.4125958374565792,119.204375
BULUKUMBA,2023,114.24,8,109.29,107.05,106.679,4.949999999999989,4.529234147680472,110.19333333333334,3.679134862074639,118.65277777777777
BULUKUMBA,2024,115.155,9,114.24,109.29,107.05,0.9150000000000063,0.8009453781512743,112.895,3.1553644797391773,118.303
BULUKUMBA,2025,115.155,10,115.155,114.24,109.29,0.0,0.0,114.84999999999998,0.5282754963082676,118.01681818181818
BULUKUMBA,2026,115.155,11,115.155,115.155,114.24,0.0,0.0,115.155,0.0,117.77833333333332
BUNGO,2018,126.594,3,125.34,121.76,116.86,1.2539999999999907,1.000478697941598,124.56466666666665,2.5085344991315663,122.6385
BUNGO,2019,126.594,4,126.594,125.34,121.76,0.0,0.0,126.176,0.7239972375637486,123.42960000000001
BUNGO,2020,106.679,5,126.594,126.594,125.34,-19.914999999999992,-15.731393272982919,119.95566666666666,11.497930610911387,120.63783333333333
BUNGO,2021,106.679,6,106.679,126.594,126.594,0.0,0.0,113.31733333333334,11.49793061091138,118.64371428571428
BUNGO,2022,108.77,7,106.679,106.679,126.594,2.090999999999994,1.9600858650718367,107.37599999999999,1.2072394128753239,117.4095
BUNGO,2023,115.25,8,108.77,106.679,106.679,6.480000000000004,5.9575250528638435,110.233,4.468868648774504,117.16955555555556
BUNGO,2024,115.155,9,115.25,108.77,106.679,-0.09499999999999886,-0.08242950108460212,113.05833333333334,3.7141093593663985,116.9681
BUNGO,2025,115.155,10,115.155,115.25,108.77,0.0,0.0,115.18666666666667,0.05484827557106862,116.80327272727273
BUNGO,2026,115.155,11,115.155,115.155,115.25,0.0,0.0,115.155,0.0,116.66591666666666
CILACAP,2018,126.594,3,126.594,125.18,120.73,0.0,0.0,126.12266666666666,0.816373280634097,124.7745
CILACAP,2019,126.594,4,126.594,126.594,125.18,0.0,0.0,126.594,0.0,125.1384
CILACAP,2020,106.679,5,126.594,126.594,126.594,-19.914999999999992,-15.731393272982919,119.95566666666666,11.49793061091139,122.06183333333333
CILACAP,2021,106.679,6,106.679,126.594,126.594,0.0,0.0,113.31733333333334,11.497930610911382,119.86428571428571
CILACAP,2022,106.99,7,106.679,106.679,126.594,0.31099999999999284,0.29152879198341974,106.78266666666666,0.17955593371679052,118.255
CILACAP,2023,114.26,8,106.99,106.679,106.679,7.27000000000001,6.795027572670342,109.30966666666667,4.289933604769775,117.8111111111111
CILACAP,2024,115.155,9,114.26,106.99,106.679,0.894999999999996,0.7833012427796326,112.13499999999999,4.4781162334177695,117.54549999999999
CILACAP,2025,115.155,10,115.155,114.26,106.99,0.0,0.0,114.85666666666667,0.5167284909245305,117.3281818181818
CILACAP,2026,115.155,11,115.155,115.155,114.26,0.0,0.0,115.155,0.0,117.14708333333334
DILI,2018,115.155,3,115.155,115.155,115.155,0.0,0.0,115.155,0.0,115.155
DILI,2019,115.155,4,115.155,115.155,115.155,0.0,0.0,115.155,0.0,115.155
DILI,2020,115.155,5,115.155,115.155,115.155,0.0,0.0,115.155,0.0,115.155
DILI,2021,115.155,6,115.155,115.155,115.155,0.0,0.0,115.155,0.0,115.155
DILI,2022,115.155,7,115.155,115.155,115.155,0.0,0.0,115.155,0.0,115.155
DILI,2023,115.155,8,115.155,115.155,115.155,0.0,0.0,115.155,0.0,115.155
DILI,2024,115.155,9,115.155,115.155,115.155,0.0,0.0,115.155,0.0,115.155
DILI,2025,115.155,10,115.155,115.155,115.155,0.0,0.0,115.155,0.0,115.155
DILI,2026,115.155,11,115.155,115.155,115.155,0.0,0.0,115.155,0.0,115.155
DKI JAKARTA,2018,126.594,3,126.594,123.57,119.2,0.0,0.0,125.586,1.7459072140294432,123.98949999999999
DKI JAKARTA,2019,126.594,4,126.594,126.594,123.57,0.0,0.0,126.594,0.0,124.5104
DKI JAKARTA,2020,106.679,5,126.594,126.594,126.594,-19.914999999999992,-15.731393272982919,119.95566666666667,11.497930610911393,121.5385
DKI JAKARTA,2021,106.679,6,106.679,126.594,126.594,0.0,0.0,113.31733333333334,11.497930610911386,119.41571428571429
DKI JAKARTA,2022,108.02,7,106.679,106.679,126.594,1.340999999999994,1.257042154500887,107.12600000000002,0.7742267109830726,117.99125
DKI JAKARTA,2023,112.42,8,108.02,106.679,106.679,4.400000000000006,4.073319755600813,109.03966666666666,3.0032582861507437,117.3722222222222
DKI JAKARTA,2024,115.155,9,112.42,108.02,106.679,2.7349999999999994,2.432841131471264,111.86500000000001,3.5997326289600933,117.1505
DKI JAKARTA,2025,115.155,10,115.155,112.42,108.02,0.0,0.0,114.24333333333334,1.579052986233651,116.96909090909092
DKI JAKARTA,2026,115.155,11,115.155,115.155,112.42,0.0,0.0,115.155,0.0,116.81791666666668
INDONESIA,2018,126.594,3,126.594,123.51,118.28,0.0,0.0,125.56599999999999,1.7805482301807756,123.7445
INDONESIA,2019,126.594,4,126.594,126.594,123.51,0.0,0.0,126.594,0.0,124.3144
INDONESIA,2020,106.679,5,126.594,126.594,126.594,-19.914999999999992,-15.731393272982919,119.95566666666667,11.497930610911387,121.37516666666666
INDONESIA,2021,106.679,6,106.679,126.594,126.594,0.0,0.0,113.31733333333334,11.497930610911379,119.27571428571427
INDONESIA,2022,108.24,7,106.679,106.679,126.594,1.5609999999999928,1.4632683096017063,107.19933333333334,0.9012437702047398,117.89625
INDONESIA,2023,114.16,8,108.24,106.679,106.679,5.920000000000002,5.469327420546932,109.69299999999998,3.9464853984272557,117.4811111111111
INDONESIA,2024,106.679,9,114.16,108.24,106.679,-7.4809999999999945,-6.553083391730896,109.693,3.9464853984272557,116.40090000000001
INDONESIA,2025,106.679,10,106.679,114.16,108.24,0.0,0.0,109.17266666666667,4.319157363807536,115.51709090909092
INDONESIA,2026,110.5,11,106.679,106.679,114.16,3.820999999999998,3.5817733574555533,107.95266666666667,2.2060553785734593,115.099
JEMBER,2018,126.594,3,124.62,120.91,116.61,1.9739999999999895,1.5840154068367696,124.04133333333333,2.8858456877202343,122.1835
JEMBER,2019,126.594,4,126.594,124.62,120.91,0.0,0.0,125.93599999999999,1.1396894313803827,123.06559999999999
JEMBER,2020,106.679,5,126.594,126.594,124.62,-19.914999999999992,-15.731393272982919,119.95566666666667,11.497930610911398,120.33449999999999
JEMBER,2021,106.679,6,106.679,126.594,126.594,0.0,0.0,113.31733333333334,11.497930610911391,118.38371428571429
JEMBER,2022,108.25,7,106.679,106.679,126.594,1.570999999999998,1.4726422257426375,107.20266666666667,0.9070172728967838,117.117
JEMBER,2023,116.05,8,108.25,106.679,106.679,7.799999999999997,7.205542725173197,110.32633333333332,5.018693090171303,116.99844444444443
JEMBER,2024,115.155,9,116.05,108.25,106.679,-0.894999999999996,-0.7712193020249836,113.15166666666669,4.268490170228029,116.81410000000001
JEMBER,2025,115.155,10,115.155,116.05,108.25,0.0,0.0,115.45333333333333,0.5167284909247399,116.66327272727273
JEMBER,2026,115.155,11,115.155,115.155,116.05,0.0,0.0,115.155,0.0,116.53758333333333
KAB ACEH TAMIANG,2018,115.155,3,115.155,115.155,115.155,0.0,0.0,115.155,0.0,115.155
KAB ACEH TAMIANG,2019,115.155,4,115.155,115.155,115.155,0.0,0.0,115.155,0.0,115.155
KAB ACEH TAMIANG,2020,115.155,5,115.155,115.155,115.155,0.0,0.0,115.155,0.0,115.155
KAB ACEH TAMIANG,2021,115.155,6,115.155,115.155,115.155,0.0,0.0,115.155,0.0,115.155
KAB ACEH TAMIANG,2022,115.155,7,115.155,115.155,115.155,0.0,0.0,115.155,0.0,115.155
KAB ACEH TAMIANG,2023,115.155,8,115.155,115.155,115.155,0.0,0.0,115.155,0.0,115.155
KAB ACEH TAMIANG,2024,115.155,9,115.155,115.155,115.155,0.0,0.0,115.155,0.0,115.155
KAB ACEH TAMIANG,2025,115.155,10,115.155,115.155,115.155,0.0,0.0,115.155,0.0,115.155
KAB ACEH TAMIANG,2026,115.155,11,115.155,115.155,115.155,0.0,0.0,115.155,0.0,115.155
KAB ACEH TENGAH,2018,115.155,3,115.155,115.155,115.155,0.0,0.0,115.155,0.0,115.155
KAB ACEH TENGAH,2019,115.155,4,115.155,115.155,115.155,0.0,0.0,115.155,0.0,115.155
KAB ACEH TENGAH,2020,115.155,5,115.155,115.155,115.155,0.0,0.0,115.155,0.0,115.155
KAB ACEH TENGAH,2021,115.155,6,115.155,115.155,115.155,0.0,0.0,115.155,0.0,115.155
KAB ACEH TENGAH,2022,115.155,7,115.155,115.155,115.155,0.0,0.0,115.155,0.0,115.155
KAB ACEH TENGAH,2023,115.155,8,115.155,115.155,115.155,0.0,0.0,115.155,0.0,115.155
KAB ACEH TENGAH,2024,115.155,9,115.155,115.155,115.155,0.0,0.0,115.155,0.0,115.155
KAB ACEH TENGAH,2025,115.155,10,115.155,115.155,115.155,0.0,0.0,115.155,0.0,115.155
KAB ACEH TENGAH,2026,115.155,11,115.155,115.155,115.155,0.0,0.0,115.155,0.0,115.155
KAB BADUNG,2018,115.155,3,115.155,115.155,115.155,0.0,0.0,115.155,0.0,115.155
KAB BADUNG,2019,115.155,4,115.155,115.155,115.155,0.0,0.0,115.155,0.0,115.155
KAB BADUNG,2020,115.155,5,115.155,115.155,115.155,0.0,0.0,115.155,0.0,115.155
KAB BADUNG,2021,115.155,6,115.155,115.155,115.155,0.0,0.0,115.155,0.0,115.155
KAB BADUNG,2022,115.155,7,115.155,115.155,115.155,0.0,0.0,115.155,0.0,115.155
KAB BADUNG,2023,115.155,8,115.155,115.155,115.155,0.0,0.0,115.155,0.0,115.155
KAB BADUNG,2024,115.155,9,115.155,115.155,115.155,0.0,0.0,115.155,0.0,115.155
KAB BADUNG,2025,115.155,10,115.155,115.155,115.155,0.0,0.0,115.155,0.0,115.155
KAB BADUNG,2026,115.155,11,115.155,115.155,115.155,0.0,0.0,115.155,0.0,115.155
KAB BANDUNG,2018,115.155,3,115.155,115.155,115.155,0.0,0.0,115.155,0.0,115.155
KAB BANDUNG,2019,115.155,4,115.155,115.155,115.155,0.0,0.0,115.155,0.0,115.155
KAB BANDUNG,2020,115.155,5,115.155,115.155,115.155,0.0,0.0,115.155,0.0,115.155
KAB BANDUNG,2021,115.155,6,115.155,115.155,115.155,0.0,0.0,115.155,0.0,115.155
KAB BANDUNG,2022,115.155,7,115.155,115.155,115.155,0.0,0.0,115.155,0.0,115.155
KAB BANDUNG,2023,115.155,8,115.155,115.155,115.155,0.0,0.0,115.155,0.0,115.155
KAB BANDUNG,2024,115.155,9,115.155,115.155,115.155,0.0,0.0,115.155,0.0,115.155
KAB BANDUNG,2025,115.155,10,115.155,115.155,115.155,0.0,0.0,115.155,0.0,115.155
KAB BANDUNG,2026,115.155,11,115.155,115.155,115.155,0.0,0.0,115.155,0.0,115.155
KAB BANGKA BARAT,2018,115.155,3,115.155,115.155,115.155,0.0,0.0,115.155,0.0,115.155
KAB BANGKA BARAT,2019,115.155,4,115.155,115.155,115.155,0.0,0.0,115.155,0.0,115.155
KAB BANGKA BARAT,2020,115.155,5,115.155,115.155,115.155,0.0,0.0,115.155,0.0,115.155
KAB BANGKA BARAT,2021,115.155,6,115.155,115.155,115.155,0.0,0.0,115.155,0.0,115.155
KAB BANGKA BARAT,2022,115.155,7,115.155,115.155,115.155,0.0,0.0,115.155,0.0,115.155
KAB BANGKA BARAT,2023,115.155,8,115.155,115.155,115.155,0.0,0.0,115.155,0.0,115.155
KAB BANGKA BARAT,2024,115.155,9,115.155,115.155,115.155,0.0,0.0,115.155,0.0,115.155
KAB BANGKA BARAT,2025,115.155,10,115.155,115.155,115.155,0.0,0.0,115.155,0.0,115.155
KAB BANGKA BARAT,2026,115.155,11,115.155,115.155,115.155,0.0,0.0,115.155,0.0,115.155
KAB BELITUNG TIMUR,2018,115.155,3,115.155,115.155,115.155,0.0,0.0,115.155,0.0,115.155
KAB BELITUNG TIMUR,2019,115.155,4,115.155,115.155,115.155,0.0,0.0,115.155,0.0,115.155
KAB BELITUNG TIMUR,2020,115.155,5,115.155,115.155,115.155,0.0,0.0,115.155,0.0,115.155
KAB BELITUNG TIMUR,2021,115.155,6,115.155,115.155,115.155,0.0,0.0,115.155,0.0,115.155
KAB BELITUNG TIMUR,2022,115.155,7,115.155,115.155,115.155,0.0,0.0,115.155,0.0,115.155
KAB BELITUNG TIMUR,2023,115.155,8,115.155,115.155,115.155,0.0,0.0,115.155,0.0,115.155
KAB BELITUNG TIMUR,2024,115.155,9,115.155,115.155,115.155,0.0,0.0,115.155,0.0,115.155
KAB BELITUNG TIMUR,2025,115.155,10,115.155,115.155,115.155,0.0,0.0,115.155,0.0,115.155
KAB BELITUNG TIMUR,2026,115.155,11,115.155,115.155,115.155,0.0,0.0,115.155,0.0,115.155
KAB BERAU,2018,115.155,3,115.155,115.155,115.155,0.0,0.0,115.155,0.0,115.155
KAB BERAU,2019,115.155,4,115.155,115.155,115.155,0.0,0.0,115.155,0.0,115.155
KAB BERAU,2020,115.155,5,115.155,115.155,115.155,0.0,0.0,115.155,0.0,115.155
KAB BERAU,2021,115.155,6,115.155,115.155,115.155,0.0,0.0,115.155,0.0,115.155
KAB BERAU,2022,115.155,7,115.155,115.155,115.155,0.0,0.0,115.155,0.0,115.155
KAB BERAU,2023,115.155,8,115.155,115.155,115.155,0.0,0.0,115.155,0.0,115.155
KAB BERAU,2024,115.155,9,115.155,115.155,115.155,0.0,0.0,115.155,0.0,115.155
KAB BERAU,2025,115.155,10,115.155,115.155,115.155,0.0,0.0,115.155,0.0,115.155
KAB BERAU,2026,115.155,11,115.155,115.155,115.155,0.0,0.0,115.155,0.0,115.155
KAB BOJONEGORO,2018,115.155,3,115.155,115.155,115.155,0.0,0.0,115.155,0.0,115.155
KAB BOJONEGORO,2019,115.155,4,115.155,115.155,115.155,0.0,0.0,115.155,0.0,115.155
KAB BOJONEGORO,2020,115.155,5,115.155,115.155,115.155,0.0,0.0,115.155,0.0,115.155
KAB BOJONEGORO,2021,115.155,6,115.155,115.155,115.155,0.0,0.0,115.155,0.0,115.155
KAB BOJONEGORO,2022,115.155,7,115.155,115.155,115.155,0.0,0.0,115.155,0.0,115.155
KAB BOJONEGORO,2023,115.155,8,115.155,115.155,115.155,0.0,0.0,115.155,0.0,115.155
KAB BOJONEGORO,2024,115.155,9,115.155,115.155,115.155,0.0,0.0,115.155,0.0,115.155
KAB BOJONEGORO,2025,115.155,10,115.155,115.155,115.155,0.0,0.0,115.155,0.0,115.155
KAB BOJONEGORO,2026,115.155,11,115.155,115.155,115.155,0.0,0.0,115.155,0.0,115.155
KAB DELI SERDANG,2018,115.155,3,115.155,115.155,115.155,0.0,0.0,115.155,0.0,115.155
KAB DELI SERDANG,2019,115.155,4,115.155,115.155,115.155,0.0,0.0,115.155,0.0,115.155
KAB DELI SERDANG,2020,115.155,5,115.155,115.155,115.155,0.0,0.0,115.155,0.0,115.155
KAB DELI SERDANG,2021,115.155,6,115.155,115.155,115.155,0.0,0.0,115.155,0.0,115.155
KAB DELI SERDANG,2022,115.155,7,115.155,115.155,115.155,0.0,0.0,115.155,0.0,115.155
KAB DELI SERDANG,2023,115.155,8,115.155,115.155,115.155,0.0,0.0,115.155,0.0,115.155
KAB DELI SERDANG,2024,115.155,9,115.155,115.155,115.155,0.0,0.0,115.155,0.0,115.155
KAB DELI SERDANG,2025,115.155,10,115.155,115.155,115.155,0.0,0.0,115.155,0.0,115.155
KAB DELI SERDANG,2026,115.155,11,115.155,115.155,115.155,0.0,0.0,115.155,0.0,115.155
KAB DHARMASRAYA,2018,115.155,3,115.155,115.155,115.155,0.0,0.0,115.155,0.0,115.155
KAB DHARMASRAYA,2019,115.155,4,115.155,115.155,115.155,0.0,0.0,115.155,0.0,115.155
KAB DHARMASRAYA,2020,115.155,5,115.155,115.155,115.155,0.0,0.0,115.155,0.0,115.155
KAB DHARMASRAYA,2021,115.155,6,115.155,115.155,115.155,0.0,0.0,115.155,0.0,115.155
KAB DHARMASRAYA,2022,115.155,7,115.155,115.155,115.155,0.0,0.0,115.155,0.0,115.155
KAB DHARMASRAYA,2023,115.155,8,115.155,115.155,115.155,0.0,0.0,115.155,0.0,115.155
KAB DHARMASRAYA,2024,115.155,9,115.155,115.155,115.155,0.0,0.0,115.155,0.0,115.155
KAB DHARMASRAYA,2025,115.155,10,115.155,115.155,115.155,0.0,0.0,115.155,0.0,115.155
KAB DHARMASRAYA,2026,115.155,11,115.155,115.155,115.155,0.0,0.0,115.155,0.0,115.155
KAB GORONTALO,2018,115.155,3,115.155,115.155,115.155,0.0,0.0,115.155,0.0,115.155
KAB GORONTALO,2019,115.155,4,115.155,115.155,115.155,0.0,0.0,115.155,0.0,115.155
KAB GORONTALO,2020,115.155,5,115.155,115.155,115.155,0.0,0.0,115.155,0.0,115.155
KAB GORONTALO,2021,115.155,6,115.155,115.155,115.155,0.0,0.0,115.155,0.0,115.155
KAB GORONTALO,2022,115.155,7,115.155,115.155,115.155,0.0,0.0,115.155,0.0,115.155
KAB GORONTALO,2023,115.155,8,115.155,115.155,115.155,0.0,0.0,115.155,0.0,115.155
KAB GORONTALO,2024,115.155,9,115.155,115.155,115.155,0.0,0.0,115.155,0.0,115.155
KAB GORONTALO,2025,115.155,10,115.155,115.155,115.155,0.0,0.0,115.155,0.0,115.155
KAB GORONTALO,2026,115.155,11,115.155,115.155,115.155,0.0,0.0,115.155,0.0,115.155
KAB GRESIK,2018,115.155,3,115.155,115.155,115.155,0.0,0.0,115.155,0.0,115.155
KAB GRESIK,2019,115.155,4,115.155,115.155,115.155,0.0,0.0,115.155,0.0,115.155
KAB GRESIK,2020,115.155,5,115.155,115.155,115.155,0.0,0.0,115.155,0.0,115.155
KAB GRESIK,2021,115.155,6,115.155,115.155,115.155,0.0,0.0,115.155,0.0,115.155
KAB GRESIK,2022,115.155,7,115.155,115.155,115.155,0.0,0.0,115.155,0.0,115.155
KAB GRESIK,2023,115.155,8,115.155,115.155,115.155,0.0,0.0,115.155,0.0,115.155
KAB GRESIK,2024,115.155,9,115.155,115.155,115.155,0.0,0.0,115.155,0.0,115.155
KAB GRESIK,2025,115.155,10,115.155,115.155,115.155,0.0,0.0,115.155,0.0,115.155
KAB GRESIK,2026,115.155,11,115.155,115.155,115.155,0.0,0.0,115.155,0.0,115.155
KAB GUNUNGKIDUL,2018,115.155,3,115.155,115.155,115.155,0.0,0.0,115.155,0.0,115.155
KAB GUNUNGKIDUL,2019,115.155,4,115.155,115.155,115.155,0.0,0.0,115.155,0.0,115.155
KAB GUNUNGKIDUL,2020,115.155,5,115.155,115.155,115.155,0.0,0.0,115.155,0.0,115.155
KAB GUNUNGKIDUL,2021,115.155,6,115.155,115.155,115.155,0.0,0.0,115.155,0.0,115.155
KAB GUNUNGKIDUL,2022,115.155,7,115.155,115.155,115.155,0.0,0.0,115.155,0.0,115.155
KAB GUNUNGKIDUL,2023,115.155,8,115.155,115.155,115.155,0.0,0.0,115.155,0.0,115.155
KAB GUNUNGKIDUL,2024,115.155,9,115.155,115.155,115.155,0.0,0.0,115.155,0.0,115.155
KAB GUNUNGKIDUL,2025,115.155,10,115.155,115.155,115.155,0.0,0.0,115.155,0.0,115.155
KAB GUNUNGKIDUL,2026,115.155,11,115.155,115.155,115.155,0.0,0.0,115.155,0.0,115.155
KAB HALMAHERA TENGAH,2018,115.155,3,115.155,115.155,115.155,0.0,0.0,115.155,0.0,115.155
KAB HALMAHERA TENGAH,2019,115.155,4,115.155,115.155,115.155,0.0,0.0,115.155,0.0,115.155
KAB HALMAHERA TENGAH,2020,115.155,5,115.155,115.155,115.155,0.0,0.0,115.155,0.0,115.155
KAB HALMAHERA TENGAH,2021,115.155,6,115.155,115.155,115.155,0.0,0.0,115.155,0.0,115.155
KAB HALMAHERA TENGAH,2022,115.155,7,115.155,115.155,115.155,0.0,0.0,115.155,0.0,115.155
KAB HALMAHERA TENGAH,2023,115.155,8,115.155,115.155,115.155,0.0,0.0,115.155,0.0,115.155
KAB HALMAHERA TENGAH,2024,115.155,9,115.155,115.155,115.155,0.0,0.0,115.155,0.0,115.155
KAB HALMAHERA TENGAH,2025,115.155,10,115.155,115.155,115.155,0.0,0.0,115.155,0.0,115.155
KAB HALMAHERA TENGAH,2026,115.155,11,115.155,115.155,115.155,0.0,0.0,115.155,0.0,115.155
KAB HULU SUNGAI TENGAH,2018,115.155,3,115.155,115.155,115.155,0.0,0.0,115.155,0.0,115.155
KAB HULU SUNGAI TENGAH,2019,115.155,4,115.155,115.155,115.155,0.0,0.0,115.155,0.0,115.155
KAB HULU SUNGAI TENGAH,2020,115.155,5,115.155,115.155,115.155,0.0,0.0,115.155,0.0,115.155
KAB HULU SUNGAI TENGAH,2021,115.155,6,115.155,115.155,115.155,0.0,0.0,115.155,0.0,115.155
KAB HULU SUNGAI TENGAH,2022,115.155,7,115.155,115.155,115.155,0.0,0.0,115.155,0.0,115.155
KAB HULU SUNGAI TENGAH,2023,115.155,8,115.155,115.155,115.155,0.0,0.0,115.155,0.0,115.155
KAB HULU SUNGAI TENGAH,2024,115.155,9,115.155,115.155,115.155,0.0,0.0,115.155,0.0,115.155
KAB HULU SUNGAI TENGAH,2025,115.155,10,115.155,115.155,115.155,0.0,0.0,115.155,0.0,115.155
KAB HULU SUNGAI TENGAH,2026,115.155,11,115.155,115.155,115.155,0.0,0.0,115.155,0.0,115.155
KAB JAYAWIJAYA,2018,115.155,3,115.155,115.155,115.155,0.0,0.0,115.155,0.0,115.155
KAB JAYAWIJAYA,2019,115.155,4,115.155,115.155,115.155,0.0,0.0,115.155,0.0,115.155
KAB JAYAWIJAYA,2020,115.155,5,115.155,115.155,115.155,0.0,0.0,115.155,0.0,115.155
KAB JAYAWIJAYA,2021,115.155,6,115.155,115.155,115.155,0.0,0.0,115.155,0.0,115.155
KAB JAYAWIJAYA,2022,115.155,7,115.155,115.155,115.155,0.0,0.0,115.155,0.0,115.155
KAB JAYAWIJAYA,2023,115.155,8,115.155,115.155,115.155,0.0,0.0,115.155,0.0,115.155
KAB JAYAWIJAYA,2024,115.155,9,115.155,115.155,115.155,0.0,0.0,115.155,0.0,115.155
KAB JAYAWIJAYA,2025,115.155,10,115.155,115.155,115.155,0.0,0.0,115.155,0.0,115.155
KAB JAYAWIJAYA,2026,115.155,11,115.155,115.155,115.155,0.0,0.0,115.155,0.0,115.155
KAB KAMPAR,2018,115.155,3,115.155,115.155,115.155,0.0,0.0,115.155,0.0,115.155
KAB KAMPAR,2019,115.155,4,115.155,115.155,115.155,0.0,0.0,115.155,0.0,115.155
KAB KAMPAR,2020,115.155,5,115.155,115.155,115.155,0.0,0.0,115.155,0.0,115.155
KAB KAMPAR,2021,115.155,6,115.155,115.155,115.155,0.0,0.0,115.155,0.0,115.155
KAB KAMPAR,2022,115.155,7,115.155,115.155,115.155,0.0,0.0,115.155,0.0,115.155
KAB KAMPAR,2023,115.155,8,115.155,115.155,115.155,0.0,0.0,115.155,0.0,115.155
KAB KAMPAR,2024,115.155,9,115.155,115.155,115.155,0.0,0.0,115.155,0.0,115.155
KAB KAMPAR,2025,115.155,10,115.155,115.155,115.155,0.0,0.0,115.155,0.0,115.155
KAB KAMPAR,2026,115.155,11,115.155,115.155,115.155,0.0,0.0,115.155,0.0,115.155
KAB KAPUAS,2018,115.155,3,115.155,115.155,115.155,0.0,0.0,115.155,0.0,115.155
KAB KAPUAS,2019,115.155,4,115.155,115.155,115.155,0.0,0.0,115.155,0.0,115.155
KAB KAPUAS,2020,115.155,5,115.155,115.155,115.155,0.0,0.0,115.155,0.0,115.155
KAB KAPUAS,2021,115.155,6,115.155,115.155,115.155,0.0,0.0,115.155,0.0,115.155
KAB KAPUAS,2022,115.155,7,115.155,115.155,115.155,0.0,0.0,115.155,0.0,115.155
KAB KAPUAS,2023,115.155,8,115.155,115.155,115.155,0.0,0.0,115.155,0.0,115.155
KAB KAPUAS,2024,115.155,9,115.155,115.155,115.155,0.0,0.0,115.155,0.0,115.155
KAB KAPUAS,2025,115.155,10,115.155,115.155,115.155,0.0,0.0,115.155,0.0,115.155
KAB KAPUAS,2026,115.155,11,115.155,115.155,115.155,0.0,0.0,115.155,0.0,115.155
KAB KARIMUN,2018,115.155,3,115.155,115.155,115.155,0.0,0.0,115.155,0.0,115.155
KAB KARIMUN,2019,115.155,4,115.155,115.155,115.155,0.0,0.0,115.155,0.0,115.155
KAB KARIMUN,2020,115.155,5,115.155,115.155,115.155,0.0,0.0,115.155,0.0,115.155
KAB KARIMUN,2021,115.155,6,115.155,115.155,115.155,0.0,0.0,115.155,0.0,115.155
KAB KARIMUN,2022,115.155,7,115.155,115.155,115.155,0.0,0.0,115.155,0.0,115.155
KAB KARIMUN,2023,115.155,8,115.155,115.155,115.155,0.0,0.0,115.155,0.0,115.155
KAB KARIMUN,2024,115.155,9,115.155,115.155,115.155,0.0,0.0,115.155,0.0,115.155
KAB KARIMUN,2025,115.155,10,115.155,115.155,115.155,0.0,0.0,115.155,0.0,115.155
KAB KARIMUN,2026,115.155,11,115.155,115.155,115.155,0.0,0.0,115.155,0.0,115.155
KAB KARO,2018,115.155,3,115.155,115.155,115.155,0.0,0.0,115.155,0.0,115.155
KAB KARO,2019,115.155,4,115.155,115.155,115.155,0.0,0.0,115.155,0.0,115.155
KAB KARO,2020,115.155,5,115.155,115.155,115.155,0.0,0.0,115.155,0.0,115.155
KAB KARO,2021,115.155,6,115.155,115.155,115.155,0.0,0.0,115.155,0.0,115.155
KAB KARO,2022,115.155,7,115.155,115.155,115.155,0.0,0.0,115.155,0.0,115.155
KAB KARO,2023,115.155,8,115.155,115.155,115.155,0.0,0.0,115.155,0.0,115.155
KAB KARO,2024,115.155,9,115.155,115.155,115.155,0.0,0.0,115.155,0.0,115.155
KAB KARO,2025,115.155,10,115.155,115.155,115.155,0.0,0.0,115.155,0.0,115.155
KAB KARO,2026,115.155,11,115.155,115.155,115.155,0.0,0.0,115.155,0.0,115.155
KAB KAYONG UTARA,2018,115.155,3,115.155,115.155,115.155,0.0,0.0,115.155,0.0,115.155
KAB KAYONG UTARA,2019,115.155,4,115.155,115.155,115.155,0.0,0.0,115.155,0.0,115.155
KAB KAYONG UTARA,2020,115.155,5,115.155,115.155,115.155,0.0,0.0,115.155,0.0,115.155
KAB KAYONG UTARA,2021,115.155,6,115.155,115.155,115.155,0.0,0.0,115.155,0.0,115.155
KAB KAYONG UTARA,2022,115.155,7,115.155,115.155,115.155,0.0,0.0,115.155,0.0,115.155
KAB KAYONG UTARA,2023,115.155,8,115.155,115.155,115.155,0.0,0.0,115.155,0.0,115.155
KAB KAYONG UTARA,2024,115.155,9,115.155,115.155,115.155,0.0,0.0,115.155,0.0,115.155
KAB KAYONG UTARA,2025,115.155,10,115.155,115.155,115.155,0.0,0.0,115.155,0.0,115.155
KAB KAYONG UTARA,2026,115.155,11,115.155,115.155,115.155,0.0,0.0,115.155,0.0,115.155
KAB KERINCI,2018,115.155,3,115.155,115.155,115.155,0.0,0.0,115.155,0.0,115.155
KAB KERINCI,2019,115.155,4,115.155,115.155,115.155,0.0,0.0,115.155,0.0,115.155
KAB KERINCI,2020,115.155,5,115.155,115.155,115.155,0.0,0.0,115.155,0.0,115.155
KAB KERINCI,2021,115.155,6,115.155,115.155,115.155,0.0,0.0,115.155,0.0,115.155
KAB KERINCI,2022,115.155,7,115.155,115.155,115.155,0.0,0.0,115.155,0.0,115.155
KAB KERINCI,2023,115.155,8,115.155,115.155,115.155,0.0,0.0,115.155,0.0,115.155
KAB KERINCI,2024,115.155,9,115.155,115.155,115.155,0.0,0.0,115.155,0.0,115.155
KAB KERINCI,2025,115.155,10,115.155,115.155,115.155,0.0,0.0,115.155,0.0,115.155
KAB KERINCI,2026,115.155,11,115.155,115.155,115.155,0.0,0.0,115.155,0.0,115.155
KAB KETAPANG,2018,115.155,3,115.155,115.155,115.155,0.0,0.0,115.155,0.0,115.155
KAB KETAPANG,2019,115.155,4,115.155,115.155,115.155,0.0,0.0,115.155,0.0,115.155
KAB KETAPANG,2020,115.155,5,115.155,115.155,115.155,0.0,0.0,115.155,0.0,115.155
KAB KETAPANG,2021,115.155,6,115.155,115.155,115.155,0.0,0.0,115.155,0.0,115.155
KAB KETAPANG,2022,115.155,7,115.155,115.155,115.155,0.0,0.0,115.155,0.0,115.155
KAB KETAPANG,2023,115.155,8,115.155,115.155,115.155,0.0,0.0,115.155,0.0,115.155
KAB KETAPANG,2024,115.155,9,115.155,115.155,115.155,0.0,0.0,115.155,0.0,115.155
KAB KETAPANG,2025,115.155,10,115.155,115.155,115.155,0.0,0.0,115.155,0.0,115.155
KAB KETAPANG,2026,115.155,11,115.155,115.155,115.155,0.0,0.0,115.155,0.0,115.155
KAB KOLAKA,2018,115.155,3,115.155,115.155,115.155,0.0,0.0,115.155,0.0,115.155
KAB KOLAKA,2019,115.155,4,115.155,115.155,115.155,0.0,0.0,115.155,0.0,115.155
KAB KOLAKA,2020,115.155,5,115.155,115.155,115.155,0.0,0.0,115.155,0.0,115.155
KAB KOLAKA,2021,115.155,6,115.155,115.155,115.155,0.0,0.0,115.155,0.0,115.155
KAB KOLAKA,2022,115.155,7,115.155,115.155,115.155,0.0,0.0,115.155,0.0,115.155
KAB KOLAKA,2023,115.155,8,115.155,115.155,115.155,0.0,0.0,115.155,0.0,115.155
KAB KOLAKA,2024,115.155,9,115.155,115.155,115.155,0.0,0.0,115.155,0.0,115.155
KAB KOLAKA,2025,115.155,10,115.155,115.155,115.155,0.0,0.0,115.155,0.0,115.155
KAB KOLAKA,2026,115.155,11,115.155,115.155,115.155,0.0,0.0,115.155,0.0,115.155
KAB KONAWE,2018,115.155,3,115.155,115.155,115.155,0.0,0.0,115.155,0.0,115.155
KAB KONAWE,2019,115.155,4,115.155,115.155,115.155,0.0,0.0,115.155,0.0,115.155
KAB KONAWE,2020,115.155,5,115.155,115.155,115.155,0.0,0.0,115.155,0.0,115.155
KAB KONAWE,2021,115.155,6,115.155,115.155,115.155,0.0,0.0,115.155,0.0,115.155
KAB KONAWE,2022,115.155,7,115.155,115.155,115.155,0.0,0.0,115.155,0.0,115.155
KAB KONAWE,2023,115.155,8,115.155,115.155,115.155,0.0,0.0,115.155,0.0,115.155
KAB KONAWE,2024,115.155,9,115.155,115.155,115.155,0.0,0.0,115.155,0.0,115.155
KAB KONAWE,2025,115.155,10,115.155,115.155,115.155,0.0,0.0,115.155,0.0,115.155
KAB KONAWE,2026,115.155,11,115.155,115.155,115.155,0.0,0.0,115.155,0.0,115.155
KAB LABUHANBATU,2018,115.155,3,115.155,115.155,115.155,0.0,0.0,115.155,0.0,115.155
KAB LABUHANBATU,2019,115.155,4,115.155,115.155,115.155,0.0,0.0,115.155,0.0,115.155
KAB LABUHANBATU,2020,115.155,5,115.155,115.155,115.155,0.0,0.0,115.155,0.0,115.155
KAB LABUHANBATU,2021,115.155,6,115.155,115.155,115.155,0.0,0.0,115.155,0.0,115.155
KAB LABUHANBATU,2022,115.155,7,115.155,115.155,115.155,0.0,0.0,115.155,0.0,115.155
KAB LABUHANBATU,2023,115.155,8,115.155,115.155,115.155,0.0,0.0,115.155,0.0,115.155
KAB LABUHANBATU,2024,115.155,9,115.155,115.155,115.155,0.0,0.0,115.155,0.0,115.155
KAB LABUHANBATU,2025,115.155,10,115.155,115.155,115.155,0.0,0.0,115.155,0.0,115.155
KAB LABUHANBATU,2026,115.155,11,115.155,115.155,115.155,0.0,0.0,115.155,0.0,115.155
KAB LAMPUNG TIMUR,2018,115.155,3,115.155,115.155,115.155,0.0,0.0,115.155,0.0,115.155
KAB LAMPUNG TIMUR,2019,115.155,4,115.155,115.155,115.155,0.0,0.0,115.155,0.0,115.155
KAB LAMPUNG TIMUR,2020,115.155,5,115.155,115.155,115.155,0.0,0.0,115.155,0.0,115.155
KAB LAMPUNG TIMUR,2021,115.155,6,115.155,115.155,115.155,0.0,0.0,115.155,0.0,115.155
KAB LAMPUNG TIMUR,2022,115.155,7,115.155,115.155,115.155,0.0,0.0,115.155,0.0,115.155
KAB LAMPUNG TIMUR,2023,115.155,8,115.155,115.155,115.155,0.0,0.0,115.155,0.0,115.155
KAB LAMPUNG TIMUR,2024,115.155,9,115.155,115.155,115.155,0.0,0.0,115.155,0.0,115.155
KAB LAMPUNG TIMUR,2025,115.155,10,115.155,115.155,115.155,0.0,0.0,115.155,0.0,115.155
KAB LAMPUNG TIMUR,2026,115.155,11,115.155,115.155,115.155,0.0,0.0,115.155,0.0,115.155
KAB LEBAK,2018,115.155,3,115.155,115.155,115.155,0.0,0.0,115.155,0.0,115.155
KAB LEBAK,2019,115.155,4,115.155,115.155,115.155,0.0,0.0,115.155,0.0,115.155
KAB LEBAK,2020,115.155,5,115.155,115.155,115.155,0.0,0.0,115.155,0.0,115.155
KAB LEBAK,2021,115.155,6,115.155,115.155,115.155,0.0,0.0,115.155,0.0,115.155
KAB LEBAK,2022,115.155,7,115.155,115.155,115.155,0.0,0.0,115.155,0.0,115.155
KAB LEBAK,2023,115.155,8,115.155,115.155,115.155,0.0,0.0,115.155,0.0,115.155
KAB LEBAK,2024,115.155,9,115.155,115.155,115.155,0.0,0.0,115.155,0.0,115.155
KAB LEBAK,2025,115.155,10,115.155,115.155,115.155,0.0,0.0,115.155,0.0,115.155
KAB LEBAK,2026,115.155,11,115.155,115.155,115.155,0.0,0.0,115.155,0.0,115.155
KAB LUWU TIMUR,2018,115.155,3,115.155,115.155,115.155,0.0,0.0,115.155,0.0,115.155
KAB LUWU TIMUR,2019,115.155,4,115.155,115.155,115.155,0.0,0.0,115.155,0.0,115.155
KAB LUWU TIMUR,2020,115.155,5,115.155,115.155,115.155,0.0,0.0,115.155,0.0,115.155
KAB LUWU TIMUR,2021,115.155,6,115.155,115.155,115.155,0.0,0.0,115.155,0.0,115.155
KAB LUWU TIMUR,2022,115.155,7,115.155,115.155,115.155,0.0,0.0,115.155,0.0,115.155
KAB LUWU TIMUR,2023,115.155,8,115.155,115.155,115.155,0.0,0.0,115.155,0.0,115.155
KAB LUWU TIMUR,2024,115.155,9,115.155,115.155,115.155,0.0,0.0,115.155,0.0,115.155
KAB LUWU TIMUR,2025,115.155,10,115.155,115.155,115.155,0.0,0.0,115.155,0.0,115.155
KAB LUWU TIMUR,2026,115.155,11,115.155,115.155,115.155,0.0,0.0,115.155,0.0,115.155
KAB MAJALENGKA,2018,115.155,3,115.155,115.155,115.155,0.0,0.0,115.155,0.0,115.155
KAB MAJALENGKA,2019,115.155,4,115.155,115.155,115.155,0.0,0.0,115.155,0.0,115.155
KAB MAJALENGKA,2020,115.155,5,115.155,115.155,115.155,0.0,0.0,115.155,0.0,115.155
KAB MAJALENGKA,2021,115.155,6,115.155,115.155,115.155,0.0,0.0,115.155,0.0,115.155
KAB MAJALENGKA,2022,115.155,7,115.155,115.155,115.155,0.0,0.0,115.155,0.0,115.155
KAB MAJALENGKA,2023,115.155,8,115.155,115.155,115.155,0.0,0.0,115.155,0.0,115.155
KAB MAJALENGKA,2024,115.155,9,115.155,115.155,115.155,0.0,0.0,115.155,0.0,115.155
KAB MAJALENGKA,2025,115.155,10,115.155,115.155,115.155,0.0,0.0,115.155,0.0,115.155
KAB MAJALENGKA,2026,115.155,11,115.155,115.155,115.155,0.0,0.0,115.155,0.0,115.155
KAB MAJENE,2018,115.155,3,115.155,115.155,115.155,0.0,0.0,115.155,0.0,115.155
KAB MAJENE,2019,115.155,4,115.155,115.155,115.155,0.0,0.0,115.155,0.0,115.155
KAB MAJENE,2020,115.155,5,115.155,115.155,115.155,0.0,0.0,115.155,0.0,115.155
KAB MAJENE,2021,115.155,6,115.155,115.155,115.155,0.0,0.0,115.155,0.0,115.155
KAB MAJENE,2022,115.155,7,115.155,115.155,115.155,0.0,0.0,115.155,0.0,115.155
KAB MAJENE,2023,115.155,8,115.155,115.155,115.155,0.0,0.0,115.155,0.0,115.155
KAB MAJENE,2024,115.155,9,115.155,115.155,115.155,0.0,0.0,115.155,0.0,115.155
KAB MAJENE,2025,115.155,10,115.155,115.155,115.155,0.0,0.0,115.155,0.0,115.155
KAB MAJENE,2026,115.155,11,115.155,115.155,115.155,0.0,0.0,115.155,0.0,115.155
KAB MALUKU TENGAH,2018,115.155,3,115.155,115.155,115.155,0.0,0.0,115.155,0.0,115.155
KAB MALUKU TENGAH,2019,115.155,4,115.155,115.155,115.155,0.0,0.0,115.155,0.0,115.155
KAB MALUKU TENGAH,2020,115.155,5,115.155,115.155,115.155,0.0,0.0,115.155,0.0,115.155
KAB MALUKU TENGAH,2021,115.155,6,115.155,115.155,115.155,0.0,0.0,115.155,0.0,115.155
KAB MALUKU TENGAH,2022,115.155,7,115.155,115.155,115.155,0.0,0.0,115.155,0.0,115.155
KAB MALUKU TENGAH,2023,115.155,8,115.155,115.155,115.155,0.0,0.0,115.155,0.0,115.155
KAB MALUKU TENGAH,2024,115.155,9,115.155,115.155,115.155,0.0,0.0,115.155,0.0,115.155
KAB MALUKU TENGAH,2025,115.155,10,115.155,115.155,115.155,0.0,0.0,115.155,0.0,115.155
KAB MALUKU TENGAH,2026,115.155,11,115.155,115.155,115.155,0.0,0.0,115.155,0.0,115.155
KAB MESUJI,2018,115.155,3,115.155,115.155,115.155,0.0,0.0,115.155,0.0,115.155
KAB MESUJI,2019,115.155,4,115.155,115.155,115.155,0.0,0.0,115.155,0.0,115.155
KAB MESUJI,2020,115.155,5,115.155,115.155,115.155,0.0,0.0,115.155,0.0,115.155
KAB MESUJI,2021,115.155,6,115.155,115.155,115.155,0.0,0.0,115.155,0.0,115.155
KAB MESUJI,2022,115.155,7,115.155,115.155,115.155,0.0,0.0,115.155,0.0,115.155
KAB MESUJI,2023,115.155,8,115.155,115.155,115.155,0.0,0.0,115.155,0.0,115.155
KAB MESUJI,2024,115.155,9,115.155,115.155,115.155,0.0,0.0,115.155,0.0,115.155
KAB MESUJI,2025,115.155,10,115.155,115.155,115.155,0.0,0.0,115.155,0.0,115.155
KAB MESUJI,2026,115.155,11,115.155,115.155,115.155,0.0,0.0,115.155,0.0,115.155
KAB MINAHASA SELATAN,2018,115.155,3,115.155,115.155,115.155,0.0,0.0,115.155,0.0,115.155
KAB MINAHASA SELATAN,2019,115.155,4,115.155,115.155,115.155,0.0,0.0,115.155,0.0,115.155
KAB MINAHASA SELATAN,2020,115.155,5,115.155,115.155,115.155,0.0,0.0,115.155,0.0,115.155
KAB MINAHASA SELATAN,2021,115.155,6,115.155,115.155,115.155,0.0,0.0,115.155,0.0,115.155
KAB MINAHASA SELATAN,2022,115.155,7,115.155,115.155,115.155,0.0,0.0,115.155,0.0,115.155
KAB MINAHASA SELATAN,2023,115.155,8,115.155,115.155,115.155,0.0,0.0,115.155,0.0,115.155
KAB MINAHASA SELATAN,2024,115.155,9,115.155,115.155,115.155,0.0,0.0,115.155,0.0,115.155
KAB MINAHASA SELATAN,2025,115.155,10,115.155,115.155,115.155,0.0,0.0,115.155,0.0,115.155
KAB MINAHASA SELATAN,2026,115.155,11,115.155,115.155,115.155,0.0,0.0,115.155,0.0,115.155
KAB MINAHASA UTARA,2018,115.155,3,115.155,115.155,115.155,0.0,0.0,115.155,0.0,115.155
KAB MINAHASA UTARA,2019,115.155,4,115.155,115.155,115.155,0.0,0.0,115.155,0.0,115.155
KAB MINAHASA UTARA,2020,115.155,5,115.155,115.155,115.155,0.0,0.0,115.155,0.0,115.155
KAB MINAHASA UTARA,2021,115.155,6,115.155,115.155,115.155,0.0,0.0,115.155,0.0,115.155
KAB MINAHASA UTARA,2022,115.155,7,115.155,115.155,115.155,0.0,0.0,115.155,0.0,115.155
KAB MINAHASA UTARA,2023,115.155,8,115.155,115.155,115.155,0.0,0.0,115.155,0.0,115.155
KAB MINAHASA UTARA,2024,115.155,9,115.155,115.155,115.155,0.0,0.0,115.155,0.0,115.155
KAB MINAHASA UTARA,2025,115.155,10,115.155,115.155,115.155,0.0,0.0,115.155,0.0,115.155
KAB MINAHASA UTARA,2026,115.155,11,115.155,115.155,115.155,0.0,0.0,115.155,0.0,115.155
KAB MOROWALI,2018,115.155,3,115.155,115.155,115.155,0.0,0.0,115.155,0.0,115.155
KAB MOROWALI,2019,115.155,4,115.155,115.155,115.155,0.0,0.0,115.155,0.0,115.155
KAB MOROWALI,2020,115.155,5,115.155,115.155,115.155,0.0,0.0,115.155,0.0,115.155
KAB MOROWALI,2021,115.155,6,115.155,115.155,115.155,0.0,0.0,115.155,0.0,115.155
KAB MOROWALI,2022,115.155,7,115.155,115.155,115.155,0.0,0.0,115.155,0.0,115.155
KAB MOROWALI,2023,115.155,8,115.155,115.155,115.155,0.0,0.0,115.155,0.0,115.155
KAB MOROWALI,2024,115.155,9,115.155,115.155,115.155,0.0,0.0,115.155,0.0,115.155
KAB MOROWALI,2025,115.155,10,115.155,115.155,115.155,0.0,0.0,115.155,0.0,115.155
KAB MOROWALI,2026,115.155,11,115.155,115.155,115.155,0.0,0.0,115.155,0.0,115.155
KAB MUARA ENIM,2018,115.155,3,115.155,115.155,115.155,0.0,0.0,115.155,0.0,115.155
KAB MUARA ENIM,2019,115.155,4,115.155,115.155,115.155,0.0,0.0,115.155,0.0,115.155
KAB MUARA ENIM,2020,115.155,5,115.155,115.155,115.155,0.0,0.0,115.155,0.0,115.155
KAB MUARA ENIM,2021,115.155,6,115.155,115.155,115.155,0.0,0.0,115.155,0.0,115.155
KAB MUARA ENIM,2022,115.155,7,115.155,115.155,115.155,0.0,0.0,115.155,0.0,115.155
KAB MUARA ENIM,2023,115.155,8,115.155,115.155,115.155,0.0,0.0,115.155,0.0,115.155
KAB MUARA ENIM,2024,115.155,9,115.155,115.155,115.155,0.0,0.0,115.155,0.0,115.155
KAB MUARA ENIM,2025,115.155,10,115.155,115.155,115.155,0.0,0.0,115.155,0.0,115.155
KAB MUARA ENIM,2026,115.155,11,115.155,115.155,115.155,0.0,0.0,115.155,0.0,115.155
KAB MUKO MUKO,2018,115.155,3,115.155,115.155,115.155,0.0,0.0,115.155,0.0,115.155
KAB MUKO MUKO,2019,115.155,4,115.155,115.155,115.155,0.0,0.0,115.155,0.0,115.155
KAB MUKO MUKO,2020,115.155,5,115.155,115.155,115.155,0.0,0.0,115.155,0.0,115.155
KAB MUKO MUKO,2021,115.155,6,115.155,115.155,115.155,0.0,0.0,115.155,0.0,115.155
KAB MUKO MUKO,2022,115.155,7,115.155,115.155,115.155,0.0,0.0,115.155,0.0,115.155
KAB MUKO MUKO,2023,115.155,8,115.155,115.155,115.155,0.0,0.0,115.155,0.0,115.155
KAB MUKO MUKO,2024,115.155,9,115.155,115.155,115.155,0.0,0.0,115.155,0.0,115.155
KAB MUKO MUKO,2025,115.155,10,115.155,115.155,115.155,0.0,0.0,115.155,0.0,115.155
KAB MUKO MUKO,2026,115.155,11,115.155,115.155,115.155,0.0,0.0,115.155,0.0,115.155
KAB NABIRE,2018,115.155,3,115.155,115.155,115.155,0.0,0.0,115.155,0.0,115.155
KAB NABIRE,2019,115.155,4,115.155,115.155,115.155,0.0,0.0,115.155,0.0,115.155
KAB NABIRE,2020,115.155,5,115.155,115.155,115.155,0.0,0.0,115.155,0.0,115.155
KAB NABIRE,2021,115.155,6,115.155,115.155,115.155,0.0,0.0,115.155,0.0,115.155
KAB NABIRE,2022,115.155,7,115.155,115.155,115.155,0.0,0.0,115.155,0.0,115.155
KAB NABIRE,2023,115.155,8,115.155,115.155,115.155,0.0,0.0,115.155,0.0,115.155
KAB NABIRE,2024,115.155,9,115.155,115.155,115.155,0.0,0.0,115.155,0.0,115.155
KAB NABIRE,2025,115.155,10,115.155,115.155,115.155,0.0,0.0,115.155,0.0,115.155
KAB NABIRE,2026,115.155,11,115.155,115.155,115.155,0.0,0.0,115.155,0.0,115.155
KAB NGADA,2018,115.155,3,115.155,115.155,115.155,0.0,0.0,115.155,0.0,115.155
KAB NGADA,2019,115.155,4,115.155,115.155,115.155,0.0,0.0,115.155,0.0,115.155
KAB NGADA,2020,115.155,5,115.155,115.155,115.155,0.0,0.0,115.155,0.0,115.155
KAB NGADA,2021,115.155,6,115.155,115.155,115.155,0.0,0.0,115.155,0.0,115.155
KAB NGADA,2022,115.155,7,115.155,115.155,115.155,0.0,0.0,115.155,0.0,115.155
KAB NGADA,2023,115.155,8,115.155,115.155,115.155,0.0,0.0,115.155,0.0,115.155
KAB NGADA,2024,115.155,9,115.155,115.155,115.155,0.0,0.0,115.155,0.0,115.155
KAB NGADA,2025,115.155,10,115.155,115.155,115.155,0.0,0.0,115.155,0.0,115.155
KAB NGADA,2026,115.155,11,115.155,115.155,115.155,0.0,0.0,115.155,0.0,115.155
KAB NUNUKAN,2018,115.155,3,115.155,115.155,115.155,0.0,0.0,115.155,0.0,115.155
KAB NUNUKAN,2019,115.155,4,115.155,115.155,115.155,0.0,0.0,115.155,0.0,115.155
KAB NUNUKAN,2020,115.155,5,115.155,115.155,115.155,0.0,0.0,115.155,0.0,115.155
KAB NUNUKAN,2021,115.155,6,115.155,115.155,115.155,0.0,0.0,115.155,0.0,115.155
KAB NUNUKAN,2022,115.155,7,115.155,115.155,115.155,0.0,0.0,115.155,0.0,115.155
KAB NUNUKAN,2023,115.155,8,115.155,115.155,115.155,0.0,0.0,115.155,0.0,115.155
KAB NUNUKAN,2024,115.155,9,115.155,115.155,115.155,0.0,0.0,115.155,0.0,115.155
KAB NUNUKAN,2025,115.155,10,115.155,115.155,115.155,0.0,0.0,115.155,0.0,115.155
KAB NUNUKAN,2026,115.155,11,115.155,115.155,115.155,0.0,0.0,115.155,0.0,115.155
KAB OGAN KOMERING ILIR,2018,115.155,3,115.155,115.155,115.155,0.0,0.0,115.155,0.0,115.155
KAB OGAN KOMERING ILIR,2019,115.155,4,115.155,115.155,115.155,0.0,0.0,115.155,0.0,115.155
KAB OGAN KOMERING ILIR,2020,115.155,5,115.155,115.155,115.155,0.0,0.0,115.155,0.0,115.155
KAB OGAN KOMERING ILIR,2021,115.155,6,115.155,115.155,115.155,0.0,0.0,115.155,0.0,115.155
KAB OGAN KOMERING ILIR,2022,115.155,7,115.155,115.155,115.155,0.0,0.0,115.155,0.0,115.155
KAB OGAN KOMERING ILIR,2023,115.155,8,115.155,115.155,115.155,0.0,0.0,115.155,0.0,115.155
KAB OGAN KOMERING ILIR,2024,115.155,9,115.155,115.155,115.155,0.0,0.0,115.155,0.0,115.155
KAB OGAN KOMERING ILIR,2025,115.155,10,115.155,115.155,115.155,0.0,0.0,115.155,0.0,115.155
KAB OGAN KOMERING ILIR,2026,115.155,11,115.155,115.155,115.155,0.0,0.0,115.155,0.0,115.155
KAB PANDEGLANG,2018,115.155,3,115.155,115.155,115.155,0.0,0.0,115.155,0.0,115.155
KAB PANDEGLANG,2019,115.155,4,115.155,115.155,115.155,0.0,0.0,115.155,0.0,115.155
KAB PANDEGLANG,2020,115.155,5,115.155,115.155,115.155,0.0,0.0,115.155,0.0,115.155
KAB PANDEGLANG,2021,115.155,6,115.155,115.155,115.155,0.0,0.0,115.155,0.0,115.155
KAB PANDEGLANG,2022,115.155,7,115.155,115.155,115.155,0.0,0.0,115.155,0.0,115.155
KAB PANDEGLANG,2023,115.155,8,115.155,115.155,115.155,0.0,0.0,115.155,0.0,115.155
KAB PANDEGLANG,2024,115.155,9,115.155,115.155,115.155,0.0,0.0,115.155,0.0,115.155
KAB PANDEGLANG,2025,115.155,10,115.155,115.155,115.155,0.0,0.0,115.155,0.0,115.155
KAB PANDEGLANG,2026,115.155,11,115.155,115.155,115.155,0.0,0.0,115.155,0.0,115.155
KAB PASAMAN BARAT,2018,115.155,3,115.155,115.155,115.155,0.0,0.0,115.155,0.0,115.155
KAB PASAMAN BARAT,2019,115.155,4,115.155,115.155,115.155,0.0,0.0,115.155,0.0,115.155
KAB PASAMAN BARAT,2020,115.155,5,115.155,115.155,115.155,0.0,0.0,115.155,0.0,115.155
KAB PASAMAN BARAT,2021,115.155,6,115.155,115.155,115.155,0.0,0.0,115.155,0.0,115.155
KAB PASAMAN BARAT,2022,115.155,7,115.155,115.155,115.155,0.0,0.0,115.155,0.0,115.155
KAB PASAMAN BARAT,2023,115.155,8,115.155,115.155,115.155,0.0,0.0,115.155,0.0,115.155
KAB PASAMAN BARAT,2024,115.155,9,115.155,115.155,115.155,0.0,0.0,115.155,0.0,115.155
KAB PASAMAN BARAT,2025,115.155,10,115.155,115.155,115.155,0.0,0.0,115.155,0.0,115.155
KAB PASAMAN BARAT,2026,115.155,11,115.155,115.155,115.155,0.0,0.0,115.155,0.0,115.155
KAB PENAJAM PASER UTARA,2018,115.155,3,115.155,115.155,115.155,0.0,0.0,115.155,0.0,115.155
KAB PENAJAM PASER UTARA,2019,115.155,4,115.155,115.155,115.155,0.0,0.0,115.155,0.0,115.155
KAB PENAJAM PASER UTARA,2020,115.155,5,115.155,115.155,115.155,0.0,0.0,115.155,0.0,115.155
KAB PENAJAM PASER UTARA,2021,115.155,6,115.155,115.155,115.155,0.0,0.0,115.155,0.0,115.155
KAB PENAJAM PASER UTARA,2022,115.155,7,115.155,115.155,115.155,0.0,0.0,115.155,0.0,115.155
KAB PENAJAM PASER UTARA,2023,115.155,8,115.155,115.155,115.155,0.0,0.0,115.155,0.0,115.155
KAB PENAJAM PASER UTARA,2024,115.155,9,115.155,115.155,115.155,0.0,0.0,115.155,0.0,115.155
KAB PENAJAM PASER UTARA,2025,115.155,10,115.155,115.155,115.155,0.0,0.0,115.155,0.0,115.155
KAB PENAJAM PASER UTARA,2026,115.155,11,115.155,115.155,115.155,0.0,0.0,115.155,0.0,115.155
KAB REMBANG,2018,115.155,3,115.155,115.155,115.155,0.0,0.0,115.155,0.0,115.155
KAB REMBANG,2019,115.155,4,115.155,115.155,115.155,0.0,0.0,115.155,0.0,115.155
KAB REMBANG,2020,115.155,5,115.155,115.155,115.155,0.0,0.0,115.155,0.0,115.155
KAB REMBANG,2021,115.155,6,115.155,115.155,115.155,0.0,0.0,115.155,0.0,115.155
KAB REMBANG,2022,115.155,7,115.155,115.155,115.155,0.0,0.0,115.155,0.0,115.155
KAB REMBANG,2023,115.155,8,115.155,115.155,115.155,0.0,0.0,115.155,0.0,115.155
KAB REMBANG,2024,115.155,9,115.155,115.155,115.155,0.0,0.0,115.155,0.0,115.155
KAB REMBANG,2025,115.155,10,115.155,115.155,115.155,0.0,0.0,115.155,0.0,115.155
KAB REMBANG,2026,115.155,11,115.155,115.155,115.155,0.0,0.0,115.155,0.0,115.155
KAB SIDENRENG RAPPANG,2018,115.155,3,115.155,115.155,115.155,0.0,0.0,115.155,0.0,115.155
KAB SIDENRENG RAPPANG,2019,115.155,4,115.155,115.155,115.155,0.0,0.0,115.155,0.0,115.155
KAB SIDENRENG RAPPANG,2020,115.155,5,115.155,115.155,115.155,0.0,0.0,115.155,0.0,115.155
KAB SIDENRENG RAPPANG,2021,115.155,6,115.155,115.155,115.155,0.0,0.0,115.155,0.0,115.155
KAB SIDENRENG RAPPANG,2022,115.155,7,115.155,115.155,115.155,0.0,0.0,115.155,0.0,115.155
KAB SIDENRENG RAPPANG,2023,115.155,8,115.155,115.155,115.155,0.0,0.0,115.155,0.0,115.155
KAB SIDENRENG RAPPANG,2024,115.155,9,115.155,115.155,115.155,0.0,0.0,115.155,0.0,115.155
KAB SIDENRENG RAPPANG,2025,115.155,10,115.155,115.155,115.155,0.0,0.0,115.155,0.0,115.155
KAB SIDENRENG RAPPANG,2026,115.155,11,115.155,115.155,115.155,0.0,0.0,115.155,0.0,115.155
KAB SORONG,2018,115.155,3,115.155,115.155,115.155,0.0,0.0,115.155,0.0,115.155
KAB SORONG,2019,115.155,4,115.155,115.155,115.155,0.0,0.0,115.155,0.0,115.155
KAB SORONG,2020,115.155,5,115.155,115.155,115.155,0.0,0.0,115.155,0.0,115.155
KAB SORONG,2021,115.155,6,115.155,115.155,115.155,0.0,0.0,115.155,0.0,115.155
KAB SORONG,2022,115.155,7,115.155,115.155,115.155,0.0,0.0,115.155,0.0,115.155
KAB SORONG,2023,115.155,8,115.155,115.155,115.155,0.0,0.0,115.155,0.0,115.155
KAB SORONG,2024,115.155,9,115.155,115.155,115.155,0.0,0.0,115.155,0.0,115.155
KAB SORONG,2025,115.155,10,115.155,115.155,115.155,0.0,0.0,115.155,0.0,115.155
KAB SORONG,2026,115.155,11,115.155,115.155,115.155,0.0,0.0,115.155,0.0,115.155
KAB SORONG SELATAN,2018,115.155,3,115.155,115.155,115.155,0.0,0.0,115.155,0.0,115.155
KAB SORONG SELATAN,2019,115.155,4,115.155,115.155,115.155,0.0,0.0,115.155,0.0,115.155
KAB SORONG SELATAN,2020,115.155,5,115.155,115.155,115.155,0.0,0.0,115.155,0.0,115.155
KAB SORONG SELATAN,2021,115.155,6,115.155,115.155,115.155,0.0,0.0,115.155,0.0,115.155
KAB SORONG SELATAN,2022,115.155,7,115.155,115.155,115.155,0.0,0.0,115.155,0.0,115.155
KAB SORONG SELATAN,2023,115.155,8,115.155,115.155,115.155,0.0,0.0,115.155,0.0,115.155
KAB SORONG SELATAN,2024,115.155,9,115.155,115.155,115.155,0.0,0.0,115.155,0.0,115.155
KAB SORONG SELATAN,2025,115.155,10,115.155,115.155,115.155,0.0,0.0,115.155,0.0,115.155
KAB SORONG SELATAN,2026,115.155,11,115.155,115.155,115.155,0.0,0.0,115.155,0.0,115.155
KAB SUBANG,2018,115.155,3,115.155,115.155,115.155,0.0,0.0,115.155,0.0,115.155
KAB SUBANG,2019,115.155,4,115.155,115.155,115.155,0.0,0.0,115.155,0.0,115.155
KAB SUBANG,2020,115.155,5,115.155,115.155,115.155,0.0,0.0,115.155,0.0,115.155
KAB SUBANG,2021,115.155,6,115.155,115.155,115.155,0.0,0.0,115.155,0.0,115.155
KAB SUBANG,2022,115.155,7,115.155,115.155,115.155,0.0,0.0,115.155,0.0,115.155
KAB SUBANG,2023,115.155,8,115.155,115.155,115.155,0.0,0.0,115.155,0.0,115.155
KAB SUBANG,2024,115.155,9,115.155,115.155,115.155,0.0,0.0,115.155,0.0,115.155
KAB SUBANG,2025,115.155,10,115.155,115.155,115.155,0.0,0.0,115.155,0.0,115.155
KAB SUBANG,2026,115.155,11,115.155,115.155,115.155,0.0,0.0,115.155,0.0,115.155
KAB SUKAMARA,2018,115.155,3,115.155,115.155,115.155,0.0,0.0,115.155,0.0,115.155
KAB SUKAMARA,2019,115.155,4,115.155,115.155,115.155,0.0,0.0,115.155,0.0,115.155
KAB SUKAMARA,2020,115.155,5,115.155,115.155,115.155,0.0,0.0,115.155,0.0,115.155
KAB SUKAMARA,2021,115.155,6,115.155,115.155,115.155,0.0,0.0,115.155,0.0,115.155
KAB SUKAMARA,2022,115.155,7,115.155,115.155,115.155,0.0,0.0,115.155,0.0,115.155
KAB SUKAMARA,2023,115.155,8,115.155,115.155,115.155,0.0,0.0,115.155,0.0,115.155
KAB SUKAMARA,2024,115.155,9,115.155,115.155,115.155,0.0,0.0,115.155,0.0,115.155
KAB SUKAMARA,2025,115.155,10,115.155,115.155,115.155,0.0,0.0,115.155,0.0,115.155
KAB SUKAMARA,2026,115.155,11,115.155,115.155,115.155,0.0,0.0,115.155,0.0,115.155
KAB SUMBAWA,2018,115.155,3,115.155,115.155,115.155,0.0,0.0,115.155,0.0,115.155
KAB SUMBAWA,2019,115.155,4,115.155,115.155,115.155,0.0,0.0,115.155,0.0,115.155
KAB SUMBAWA,2020,115.155,5,115.155,115.155,115.155,0.0,0.0,115.155,0.0,115.155
KAB SUMBAWA,2021,115.155,6,115.155,115.155,115.155,0.0,0.0,115.155,0.0,115.155
KAB SUMBAWA,2022,115.155,7,115.155,115.155,115.155,0.0,0.0,115.155,0.0,115.155
KAB SUMBAWA,2023,115.155,8,115.155,115.155,115.155,0.0,0.0,115.155,0.0,115.155
KAB SUMBAWA,2024,115.155,9,115.155,115.155,115.155,0.0,0.0,115.155,0.0,115.155
KAB SUMBAWA,2025,115.155,10,115.155,115.155,115.155,0.0,0.0,115.155,0.0,115.155
KAB SUMBAWA,2026,115.155,11,115.155,115.155,115.155,0.0,0.0,115.155,0.0,115.155
KAB TABANAN,2018,115.155,3,115.155,115.155,115.155,0.0,0.0,115.155,0.0,115.155
KAB TABANAN,2019,115.155,4,115.155,115.155,115.155,0.0,0.0,115.155,0.0,115.155
KAB TABANAN,2020,115.155,5,115.155,115.155,115.155,0.0,0.0,115.155,0.0,115.155
KAB TABANAN,2021,115.155,6,115.155,115.155,115.155,0.0,0.0,115.155,0.0,115.155
KAB TABANAN,2022,115.155,7,115.155,115.155,115.155,0.0,0.0,115.155,0.0,115.155
KAB TABANAN,2023,115.155,8,115.155,115.155,115.155,0.0,0.0,115.155,0.0,115.155
KAB TABANAN,2024,115.155,9,115.155,115.155,115.155,0.0,0.0,115.155,0.0,115.155
KAB TABANAN,2025,115.155,10,115.155,115.155,115.155,0.0,0.0,115.155,0.0,115.155
KAB TABANAN,2026,115.155,11,115.155,115.155,115.155,0.0,0.0,115.155,0.0,115.155
KAB TANAH LAUT,2018,115.155,3,115.155,115.155,115.155,0.0,0.0,115.155,0.0,115.155
KAB TANAH LAUT,2019,115.155,4,115.155,115.155,115.155,0.0,0.0,115.155,0.0,115.155
KAB TANAH LAUT,2020,115.155,5,115.155,115.155,115.155,0.0,0.0,115.155,0.0,115.155
KAB TANAH LAUT,2021,115.155,6,115.155,115.155,115.155,0.0,0.0,115.155,0.0,115.155
KAB TANAH LAUT,2022,115.155,7,115.155,115.155,115.155,0.0,0.0,115.155,0.0,115.155
KAB TANAH LAUT,2023,115.155,8,115.155,115.155,115.155,0.0,0.0,115.155,0.0,115.155
KAB TANAH LAUT,2024,115.155,9,115.155,115.155,115.155,0.0,0.0,115.155,0.0,115.155
KAB TANAH LAUT,2025,115.155,10,115.155,115.155,115.155,0.0,0.0,115.155,0.0,115.155
KAB TANAH LAUT,2026,115.155,11,115.155,115.155,115.155,0.0,0.0,115.155,0.0,115.155
KAB TIMOR TENGAH SELATAN,2018,115.155,3,115.155,115.155,115.155,0.0,0.0,115.155,0.0,115.155
KAB TIMOR TENGAH SELATAN,2019,115.155,4,115.155,115.155,115.155,0.0,0.0,115.155,0.0,115.155
KAB TIMOR TENGAH SELATAN,2020,115.155,5,115.155,115.155,115.155,0.0,0.0,115.155,0.0,115.155
KAB TIMOR TENGAH SELATAN,2021,115.155,6,115.155,115.155,115.155,0.0,0.0,115.155,0.0,115.155
KAB TIMOR TENGAH SELATAN,2022,115.155,7,115.155,115.155,115.155,0.0,0.0,115.155,0.0,115.155
KAB TIMOR TENGAH SELATAN,2023,115.155,8,115.155,115.155,115.155,0.0,0.0,115.155,0.0,115.155
KAB TIMOR TENGAH SELATAN,2024,115.155,9,115.155,115.155,115.155,0.0,0.0,115.155,0.0,115.155
KAB TIMOR TENGAH SELATAN,2025,115.155,10,115.155,115.155,115.155,0.0,0.0,115.155,0.0,115.155
KAB TIMOR TENGAH SELATAN,2026,115.155,11,115.155,115.155,115.155,0.0,0.0,115.155,0.0,115.155
KAB TOLI TOLI,2018,115.155,3,115.155,115.155,115.155,0.0,0.0,115.155,0.0,115.155
KAB TOLI TOLI,2019,115.155,4,115.155,115.155,115.155,0.0,0.0,115.155,0.0,115.155
KAB TOLI TOLI,2020,115.155,5,115.155,115.155,115.155,0.0,0.0,115.155,0.0,115.155
KAB TOLI TOLI,2021,115.155,6,115.155,115.155,115.155,0.0,0.0,115.155,0.0,115.155
KAB TOLI TOLI,2022,115.155,7,115.155,115.155,115.155,0.0,0.0,115.155,0.0,115.155
KAB TOLI TOLI,2023,115.155,8,115.155,115.155,115.155,0.0,0.0,115.155,0.0,115.155
KAB TOLI TOLI,2024,115.155,9,115.155,115.155,115.155,0.0,0.0,115.155,0.0,115.155
KAB TOLI TOLI,2025,115.155,10,115.155,115.155,115.155,0.0,0.0,115.155,0.0,115.155
KAB TOLI TOLI,2026,115.155,11,115.155,115.155,115.155,0.0,0.0,115.155,0.0,115.155
KAB TULUNGAGUNG,2018,115.155,3,115.155,115.155,115.155,0.0,0.0,115.155,0.0,115.155
KAB TULUNGAGUNG,2019,115.155,4,115.155,115.155,115.155,0.0,0.0,115.155,0.0,115.155
KAB TULUNGAGUNG,2020,115.155,5,115.155,115.155,115.155,0.0,0.0,115.155,0.0,115.155
KAB TULUNGAGUNG,2021,115.155,6,115.155,115.155,115.155,0.0,0.0,115.155,0.0,115.155
KAB TULUNGAGUNG,2022,115.155,7,115.155,115.155,115.155,0.0,0.0,115.155,0.0,115.155
KAB TULUNGAGUNG,2023,115.155,8,115.155,115.155,115.155,0.0,0.0,115.155,0.0,115.155
KAB TULUNGAGUNG,2024,115.155,9,115.155,115.155,115.155,0.0,0.0,115.155,0.0,115.155
KAB TULUNGAGUNG,2025,115.155,10,115.155,115.155,115.155,0.0,0.0,115.155,0.0,115.155
KAB TULUNGAGUNG,2026,115.155,11,115.155,115.155,115.155,0.0,0.0,115.155,0.0,115.155
KAB WAJO,2018,115.155,3,115.155,115.155,115.155,0.0,0.0,115.155,0.0,115.155
KAB WAJO,2019,115.155,4,115.155,115.155,115.155,0.0,0.0,115.155,0.0,115.155
KAB WAJO,2020,115.155,5,115.155,115.155,115.155,0.0,0.0,115.155,0.0,115.155
KAB WAJO,2021,115.155,6,115.155,115.155,115.155,0.0,0.0,115.155,0.0,115.155
KAB WAJO,2022,115.155,7,115.155,115.155,115.155,0.0,0.0,115.155,0.0,115.155
KAB WAJO,2023,115.155,8,115.155,115.155,115.155,0.0,0.0,115.155,0.0,115.155
KAB WAJO,2024,115.155,9,115.155,115.155,115.155,0.0,0.0,115.155,0.0,115.155
KAB WAJO,2025,115.155,10,115.155,115.155,115.155,0.0,0.0,115.155,0.0,115.155
KAB WAJO,2026,115.155,11,115.155,115.155,115.155,0.0,0.0,115.155,0.0,115.155
KAB WONOGIRI,2018,115.155,3,115.155,115.155,115.155,0.0,0.0,115.155,0.0,115.155
KAB WONOGIRI,2019,115.155,4,115.155,115.155,115.155,0.0,0.0,115.155,0.0,115.155
KAB WONOGIRI,2020,115.155,5,115.155,115.155,115.155,0.0,0.0,115.155,0.0,115.155
KAB WONOGIRI,2021,115.155,6,115.155,115.155,115.155,0.0,0.0,115.155,0.0,115.155
KAB WONOGIRI,2022,115.155,7,115.155,115.155,115.155,0.0,0.0,115.155,0.0,115.155
KAB WONOGIRI,2023,115.155,8,115.155,115.155,115.155,0.0,0.0,115.155,0.0,115.155
KAB WONOGIRI,2024,115.155,9,115.155,115.155,115.155,0.0,0.0,115.155,0.0,115.155
KAB WONOGIRI,2025,115.155,10,115.155,115.155,115.155,0.0,0.0,115.155,0.0,115.155
KAB WONOGIRI,2026,115.155,11,115.155,115.155,115.155,0.0,0.0,115.155,0.0,115.155
KAB WONOSOBO,2018,115.155,3,115.155,115.155,115.155,0.0,0.0,115.155,0.0,115.155
KAB WONOSOBO,2019,115.155,4,115.155,115.155,115.155,0.0,0.0,115.155,0.0,115.155
KAB WONOSOBO,2020,115.155,5,115.155,115.155,115.155,0.0,0.0,115.155,0.0,115.155
KAB WONOSOBO,2021,115.155,6,115.155,115.155,115.155,0.0,0.0,115.155,0.0,115.155
KAB WONOSOBO,2022,115.155,7,115.155,115.155,115.155,0.0,0.0,115.155,0.0,115.155
KAB WONOSOBO,2023,115.155,8,115.155,115.155,115.155,0.0,0.0,115.155,0.0,115.155
KAB WONOSOBO,2024,115.155,9,115.155,115.155,115.155,0.0,0.0,115.155,0.0,115.155
KAB WONOSOBO,2025,115.155,10,115.155,115.155,115.155,0.0,0.0,115.155,0.0,115.155
KAB WONOSOBO,2026,115.155,11,115.155,115.155,115.155,0.0,0.0,115.155,0.0,115.155
KOTA AMBON,2018,126.594,3,125.26,122.41,118.98,1.333999999999989,1.0649848315503752,124.75466666666667,2.137284570040531,123.311
KOTA AMBON,2019,126.594,4,126.594,125.26,122.41,0.0,0.0,126.14933333333333,0.7701852590989642,123.96759999999999
KOTA AMBON,2020,106.679,5,126.594,126.594,125.26,-19.914999999999992,-15.731393272982919,119.95566666666666,11.497930610911391,121.08616666666667
KOTA AMBON,2021,106.679,6,106.679,126.594,126.594,0.0,0.0,113.31733333333334,11.497930610911384,119.028
KOTA AMBON,2022,109.67,7,106.679,106.679,126.594,2.9909999999999997,2.8037383177569986,107.676,1.7268546551460737,117.85825
KOTA AMBON,2023,115.85,8,109.67,106.679,106.679,6.179999999999993,5.635087079420065,110.733,4.676995509940087,117.6351111111111
KOTA AMBON,2024,115.155,9,115.85,109.67,106.679,-0.6949999999999932,-0.5999136814846762,113.55833333333334,3.3852781766544906,117.3871
KOTA AMBON,2025,115.155,10,115.155,115.85,109.67,0.0,0.0,115.38666666666666,0.4012584370866469,117.18418181818183
KOTA AMBON,2026,115.155,11,115.155,115.155,115.85,0.0,0.0,115.155,0.0,117.01508333333334
KOTA BALIKPAPAN,2018,126.594,3,126.594,126.594,121.8,0.0,0.0,126.594,0.0,125.3955
KOTA BALIKPAPAN,2019,126.594,4,126.594,126.594,126.594,0.0,0.0,126.594,0.0,125.63519999999998
KOTA BALIKPAPAN,2020,106.679,5,126.594,126.594,126.594,-19.914999999999992,-15.731393272982919,119.95566666666666,11.49793061091139,122.47583333333334
KOTA BALIKPAPAN,2021,106.679,6,106.679,126.594,126.594,0.0,0.0,113.31733333333334,11.497930610911382,120.21914285714286
KOTA BALIKPAPAN,2022,106.679,7,106.679,106.679,126.594,0.0,0.0,106.679,0.0,118.526625
KOTA BALIKPAPAN,2023,112.36,8,106.679,106.679,106.679,5.680999999999997,5.325321759671531,108.57266666666668,3.2799268792662137,117.84144444444443
KOTA BALIKPAPAN,2024,115.155,9,112.36,106.679,106.679,2.7950000000000017,2.487540049839798,111.39799999999998,4.319111829994664,117.5728
KOTA BALIKPAPAN,2025,115.155,10,115.155,112.36,106.679,0.0,0.0,114.22333333333334,1.6136940023850184,117.35300000000001
KOTA BALIKPAPAN,2026,115.155,11,115.155,115.155,112.36,0.0,0.0,115.155,0.0,117.16983333333333
KOTA BANDA ACEH,2018,125.09,3,120.5,117.03,113.91,4.590000000000003,3.809128630705394,120.87333333333333,4.042948593951383,119.1325
KOTA BANDA ACEH,2019,126.594,4,125.09,120.5,117.03,1.5039999999999907,1.2023343192901104,124.06133333333332,3.174559076995347,120.62480000000001
KOTA BANDA ACEH,2020,106.679,5,126.594,125.09,120.5,-19.914999999999992,-15.731393272982919,119.45433333333334,11.089290343991062,118.3005
KOTA BANDA ACEH,2021,106.679,6,106.679,126.594,125.09,0.0,0.0,113.31733333333334,11.49793061091139,116.64028571428571
KOTA BANDA ACEH,2022,109.21,7,106.679,106.679,126.594,2.5309999999999917,2.3725381752734753,107.52266666666667,1.4612735313188607,115.7115
KOTA BANDA ACEH,2023,116.35,8,109.21,106.679,106.679,7.140000000000001,6.537862833073893,110.74633333333333,5.015206908327236,115.78244444444444
KOTA BANDA ACEH,2024,115.155,9,116.35,109.21,106.679,-1.1949999999999932,-1.0270734851740349,113.57166666666666,3.8242787991114633,115.71969999999999
KOTA BANDA ACEH,2025,115.155,10,115.155,116.35,109.21,0.0,0.0,115.55333333333334,0.689933571681731,115.66836363636365
KOTA BANDA ACEH,2026,115.155,11,115.155,115.155,116.35,0.0,0.0,115.155,0.0,115.62558333333334
KOTA BANDAR LAMPUNG,2018,126.594,3,126.594,123.59,117.31,0.0,0.0,125.59266666666667,1.734360208645606,123.52199999999999
KOTA BANDAR LAMPUNG,2019,126.594,4,126.594,126.594,123.59,0.0,0.0,126.594,0.0,124.13640000000001
KOTA BANDAR LAMPUNG,2020,106.679,5,126.594,126.594,126.594,-19.914999999999992,-15.731393272982919,119.95566666666666,11.497930610911407,121.22683333333333
KOTA BANDAR LAMPUNG,2021,107.34,6,106.679,126.594,126.594,0.6610000000000014,0.6196158569165444,113.53766666666667,11.311945470754978,119.24300000000001
KOTA BANDAR LAMPUNG,2022,108.6,7,107.34,106.679,126.594,1.259999999999991,1.173840134153159,107.53966666666668,0.9759407427373272,117.91262499999999
KOTA BANDAR LAMPUNG,2023,115.76,8,108.6,107.34,106.679,7.160000000000011,6.593001841620638,110.56666666666666,4.541468191382004,117.67344444444444
KOTA BANDAR LAMPUNG,2024,115.155,9,115.76,108.6,107.34,-0.605000000000004,-0.5226330338631735,113.17166666666667,3.9707188685846737,117.42159999999998
KOTA BANDAR LAMPUNG,2025,115.155,10,115.155,115.76,108.6,0.0,0.0,115.35666666666667,0.34929691286087733,117.21554545454546
KOTA BANDAR LAMPUNG,2026,115.155,11,115.155,115.155,115.76,0.0,0.0,115.155,0.0,117.04383333333334
KOTA BANDUNG,2018,126.594,3,126.37,122.18,116.62,0.22399999999998954,0.17725726042572276,125.048,2.4862847785400497,122.941
KOTA BANDUNG,2019,126.594,4,126.594,126.37,122.18,0.0,0.0,126.51933333333334,0.1293264602983367,123.67159999999998
KOTA BANDUNG,2020,106.679,5,126.594,126.594,126.37,-19.914999999999992,-15.731393272982919,119.95566666666666,11.49793061091139,120.8395
KOTA BANDUNG,2021,106.679,6,106.679,126.594,126.594,0.0,0.0,113.31733333333334,11.497930610911382,118.81657142857144
KOTA BANDUNG,2022,108.07,7,106.679,106.679,126.594,1.3909999999999911,1.3039117352056095,107.14266666666667,0.8030942244425071,117.47325000000001
KOTA BANDUNG,2023,116.17,8,108.07,106.679,106.679,8.100000000000009,7.495142037568248,110.30633333333333,5.125491228490495,117.32844444444443
KOTA BANDUNG,2024,115.155,9,116.17,108.07,106.679,-1.0150000000000006,-0.8737195489369021,113.13166666666666,4.412811839783458,117.11110000000001
KOTA BANDUNG,2025,115.155,10,115.155,116.17,108.07,0.0,0.0,115.49333333333334,0.5860105232272401,116.93327272727274
KOTA BANDUNG,2026,115.155,11,115.155,115.155,116.17,0.0,0.0,115.155,0.0,116.78508333333333
KOTA BANJARMASIN,2018,126.594,3,126.594,122.62,116.22,0.0,0.0,125.26933333333334,2.294389969759558,123.007
KOTA BANJARMASIN,2019,126.594,4,126.594,126.594,122.62,0.0,0.0,126.594,0.0,123.72439999999999
KOTA BANJARMASIN,2020,106.679,5,126.594,126.594,126.594,-19.914999999999992,-15.731393272982919,119.95566666666666,11.497930610911387,120.88349999999998
KOTA BANJARMASIN,2021,107.08,6,106.679,126.594,126.594,0.40099999999999625,0.3758940372519337,113.45100000000001,11.383937675514552,118.91157142857142
KOTA BANJARMASIN,2022,110.01,7,107.08,106.679,126.594,2.930000000000007,2.736271946208446,107.923,1.818482059301019,117.798875
KOTA BANJARMASIN,2023,117.47,8,110.01,107.08,106.679,7.459999999999994,6.781201708935547,111.52,5.35706076127569,117.76233333333332
KOTA BANJARMASIN,2024,115.155,9,117.47,110.01,107.08,-2.3149999999999977,-1.9707159274708452,114.21166666666666,3.818416993118095,117.50160000000001
KOTA BANJARMASIN,2025,115.155,10,115.155,117.47,110.01,0.0,0.0,115.92666666666666,1.3365658731738987,117.28827272727273
KOTA BANJARMASIN,2026,115.155,11,115.155,115.155,117.47,0.0,0.0,115.155,0.0,117.1105
KOTA BARU,2018,115.155,3,115.155,115.155,115.155,0.0,0.0,115.155,0.0,115.155
KOTA BARU,2019,115.155,4,115.155,115.155,115.155,0.0,0.0,115.155,0.0,115.155
KOTA BARU,2020,106.93,5,115.155,115.155,115.155,-8.224999999999994,-7.1425470018670385,112.41333333333334,4.748705964084671,113.78416666666668
KOTA BARU,2021,107.78,6,106.93,115.155,115.155,0.8499999999999943,0.7949125596184325,109.955,4.523342237770658,112.92642857142857
KOTA BARU,2022,111.27,7,107.78,106.93,115.155,3.489999999999995,3.2380775654110128,108.66000000000001,2.299934781684058,112.719375
KOTA BARU,2023,120.04,8,111.27,107.78,106.93,8.77000000000001,7.881729127347903,113.03000000000002,6.316652594531388,113.53277777777778
KOTA BARU,2024,115.155,9,120.04,111.27,107.78,-4.885000000000005,-4.069476841052988,115.48833333333334,4.394491817415689,113.69500000000001
KOTA BARU,2025,115.155,10,115.155,120.04,111.27,0.0,0.0,116.78333333333335,2.8203560649913406,113.82772727272727
KOTA BARU,2026,115.155,11,115.155,115.155,120.04,0.0,0.0,115.155,0.0,113.93833333333333
KOTA BATAM,2018,126.594,3,126.594,122.61,115.94,0.0,0.0,125.266,2.300163472451433,122.9345
KOTA BATAM,2019,126.594,4,126.594,126.594,122.61,0.0,0.0,126.594,0.0,123.6664
KOTA BATAM,2020,106.679,5,126.594,126.594,126.594,-19.914999999999992,-15.731393272982919,119.95566666666666,11.497930610911403,120.83516666666667
KOTA BATAM,2021,106.679,6,106.679,126.594,126.594,0.0,0.0,113.31733333333334,11.497930610911428,118.81285714285714
KOTA BATAM,2022,107.5,7,106.679,106.679,126.594,0.820999999999998,0.7695985151716878,106.95266666666667,0.47400457100623977,117.39874999999999
KOTA BATAM,2023,113.88,8,107.5,106.679,106.679,6.3799999999999955,5.9348837209302285,109.35300000000001,3.9419293499505113,117.00777777777778
KOTA BATAM,2024,115.155,9,113.88,107.5,106.679,1.2750000000000057,1.1195995785036938,112.17833333333333,4.101403215161176,116.82249999999999
KOTA BATAM,2025,115.155,10,115.155,113.88,107.5,0.0,0.0,114.73,0.7361215932173901,116.67090909090908
KOTA BATAM,2026,115.155,11,115.155,115.155,113.88,0.0,0.0,115.155,0.0,116.54458333333334
KOTA BAU-BAU,2018,126.594,3,126.594,126.594,121.87,0.0,0.0,126.594,0.0,125.413
KOTA BAU-BAU,2019,126.594,4,126.594,126.594,126.594,0.0,0.0,126.594,0.0,125.6492
KOTA BAU-BAU,2020,115.155,5,126.594,126.594,126.594,-11.438999999999993,-9.035973268875297,122.78099999999999,6.604309729260122,123.90016666666666
KOTA BAU-BAU,2021,115.155,6,115.155,126.594,126.594,0.0,0.0,118.968,6.604309729260115,122.65085714285715
KOTA BAU-BAU,2022,115.155,7,115.155,115.155,126.594,0.0,0.0,115.155,0.0,121.713875
KOTA BAU-BAU,2023,115.155,8,115.155,115.155,115.155,0.0,0.0,115.155,0.0,120.98511111111111
KOTA BAU-BAU,2024,115.155,9,115.155,115.155,115.155,0.0,0.0,115.155,0.0,120.40209999999999
KOTA BAU-BAU,2025,115.155,10,115.155,115.155,115.155,0.0,0.0,115.155,0.0,119.9250909090909
KOTA BAU-BAU,2026,115.155,11,115.155,115.155,115.155,0.0,0.0,115.155,0.0,119.52758333333333
KOTA BEKASI,2018,126.594,3,124.26,120.5,117.22,2.333999999999989,1.8783196523418644,123.78466666666667,3.074681338502149,122.1435
KOTA BEKASI,2019,126.594,4,126.594,124.26,120.5,0.0,0.0,125.81599999999999,1.347535528288605,123.0336
KOTA BEKASI,2020,106.679,5,126.594,126.594,124.26,-19.914999999999992,-15.731393272982919,119.95566666666667,11.497930610911391,120.30783333333333
KOTA BEKASI,2021,108.49,6,106.679,126.594,126.594,1.8109999999999928,1.6976162131253414,113.921,11.012430567317995,118.61957142857143
KOTA BEKASI,2022,110.54,7,108.49,106.679,126.594,2.0500000000000114,1.8895750760438812,108.56966666666666,1.9317324693997038,117.609625
KOTA BEKASI,2023,116.6,8,110.54,108.49,106.679,6.059999999999988,5.482178396960369,111.87666666666667,4.21699339972606,117.49744444444445
KOTA BEKASI,2024,115.155,9,116.6,110.54,108.49,-1.4449999999999932,-1.239279588336184,114.09833333333334,3.165171138079778,117.26320000000001
KOTA BEKASI,2025,115.155,10,115.155,116.6,110.54,0.0,0.0,115.63666666666666,0.8342711389790195,117.07154545454546
KOTA BEKASI,2026,115.155,11,115.155,115.155,116.6,0.0,0.0,115.155,0.0,116.91183333333333
KOTA BENGKULU,2018,126.594,3,126.594,126.594,121.73,0.0,0.0,126.594,0.0,125.378
KOTA BENGKULU,2019,126.594,4,126.594,126.594,126.594,0.0,0.0,126.594,0.0,125.6212
KOTA BENGKULU,2020,106.679,5,126.594,126.594,126.594,-19.914999999999992,-15.731393272982919,119.95566666666666,11.49793061091139,122.46416666666666
KOTA BENGKULU,2021,106.679,6,106.679,126.594,126.594,0.0,0.0,113.31733333333334,11.497930610911382,120.20914285714285
KOTA BENGKULU,2022,107.32,7,106.679,106.679,126.594,0.6409999999999911,0.6008680246346376,106.89266666666667,0.3700815225499772,118.598
KOTA BENGKULU,2023,113.92,8,107.32,106.679,106.679,6.6000000000000085,6.149832277301526,109.30633333333333,4.008386250516907,118.07822222222222
KOTA BENGKULU,2024,115.155,9,113.92,107.32,106.679,1.2349999999999994,1.0840941011236005,112.13166666666666,4.21252992076413,117.7859
KOTA BENGKULU,2025,115.155,10,115.155,113.92,107.32,0.0,0.0,114.74333333333334,0.7130275824489851,117.54672727272727
KOTA BENGKULU,2026,115.155,11,115.155,115.155,113.92,0.0,0.0,115.155,0.0,117.34741666666666
KOTA BIMA,2018,126.594,3,126.594,126.594,120.01,0.0,0.0,126.594,0.0,124.948
KOTA BIMA,2019,126.594,4,126.594,126.594,126.594,0.0,0.0,126.594,0.0,125.2772
KOTA BIMA,2020,106.679,5,126.594,126.594,126.594,-19.914999999999992,-15.731393272982919,119.95566666666667,11.497930610911391,122.1775
KOTA BIMA,2021,106.679,6,106.679,126.594,126.594,0.0,0.0,113.31733333333334,11.497930610911384,119.96342857142858
KOTA BIMA,2022,107.13,7,106.679,106.679,126.594,0.4509999999999934,0.4227636179566785,106.82933333333334,0.2603849714038161,118.35925
KOTA BIMA,2023,113.86,8,107.13,106.679,106.679,6.730000000000004,6.282087183795393,109.223,4.02208615024588,117.85933333333332
KOTA BIMA,2024,115.155,9,113.86,107.13,106.679,1.2950000000000017,1.1373616722290647,112.04833333333333,4.308335912313848,117.5889
KOTA BIMA,2025,115.155,10,115.155,113.86,107.13,0.0,0.0,114.72333333333334,0.7476685986005348,117.36763636363635
KOTA BIMA,2026,115.155,11,115.155,115.155,113.86,0.0,0.0,115.155,0.0,117.18325
KOTA BOGOR,2018,126.594,3,126.594,122.73,117.21,0.0,0.0,125.306,2.230881440148703,123.282
KOTA BOGOR,2019,126.594,4,126.594,126.594,122.73,0.0,0.0,126.594,0.0,123.9444
KOTA BOGOR,2020,106.679,5,126.594,126.594,126.594,-19.914999999999992,-15.731393272982919,119.95566666666666,11.49793061091139,121.06683333333332
KOTA BOGOR,2021,107.58,6,106.679,126.594,126.594,0.9009999999999962,0.8445898442992483,113.61766666666666,11.246860465629197,119.14014285714286
KOTA BOGOR,2022,109.91,7,107.58,106.679,126.594,2.3299999999999983,2.1658300799405117,108.05633333333333,1.6673362988110207,117.986375
KOTA BOGOR,2023,116.67,8,109.91,107.58,106.679,6.760000000000005,6.150486761896112,111.38666666666666,4.7214863478922595,117.8401111111111
KOTA BOGOR,2024,115.155,9,116.67,109.91,107.58,-1.5150000000000006,-1.2985343275906391,113.91166666666668,3.5473663940073963,117.57159999999999
KOTA BOGOR,2025,115.155,10,115.155,116.67,109.91,0.0,0.0,115.66000000000001,0.8746856578221178,117.3519090909091
KOTA BOGOR,2026,115.155,11,115.155,115.155,116.67,0.0,0.0,115.155,0.0,117.16883333333334
KOTA BUA-BAU,2018,115.155,3,115.155,115.155,115.155,0.0,0.0,115.155,0.0,115.155
KOTA BUA-BAU,2019,115.155,4,115.155,115.155,115.155,0.0,0.0,115.155,0.0,115.155
KOTA BUA-BAU,2020,106.679,5,115.155,115.155,115.155,-8.475999999999999,-7.360514089705184,112.32966666666668,4.893620881651268,113.74233333333332
KOTA BUA-BAU,2021,106.679,6,106.679,115.155,115.155,0.0,0.0,109.50433333333335,4.893620881651268,112.73328571428571
KOTA BUA-BAU,2022,107.29,7,106.679,106.679,115.155,0.6110000000000042,0.5727462762118218,106.88266666666668,0.35276101447486585,112.052875
KOTA BUA-BAU,2023,114.32,8,107.29,106.679,106.679,7.029999999999987,6.552334793550174,109.42966666666666,4.246157125370341,112.30477777777779
KOTA BUA-BAU,2024,115.155,9,114.32,107.29,106.679,0.835000000000008,0.7304058782365397,112.255,4.32003761557698,112.5898
KOTA BUA-BAU,2025,115.155,10,115.155,114.32,107.29,0.0,0.0,114.87666666666667,0.4820874747734846,112.82300000000001
KOTA BUA-BAU,2026,115.155,11,115.155,115.155,114.32,0.0,0.0,115.155,0.0,113.01733333333334
KOTA BUKITTINGGI,2018,126.594,3,126.0,121.62,114.99,0.5939999999999941,0.4714285714285671,124.738,2.7165514904009993,122.301
KOTA BUKITTINGGI,2019,126.594,4,126.594,126.0,121.62,0.0,0.0,126.396,0.34294605989851146,123.1596
KOTA BUKITTINGGI,2020,106.679,5,126.594,126.594,126.0,-19.914999999999992,-15.731393272982919,119.95566666666666,11.497930610911387,120.41283333333332
KOTA BUKITTINGGI,2021,106.679,6,106.679,126.594,126.594,0.0,0.0,113.31733333333334,11.497930610911379,118.45085714285713
KOTA BUKITTINGGI,2022,107.5,7,106.679,106.679,126.594,0.820999999999998,0.7695985151716878,106.95266666666667,0.47400457100418014,117.082
KOTA BUKITTINGGI,2023,115.42,8,107.5,106.679,106.679,7.920000000000002,7.367441860465118,109.86633333333334,4.827102685186314,116.89733333333334
KOTA BUKITTINGGI,2024,115.155,9,115.42,107.5,106.679,-0.26500000000000057,-0.22959625714781273,112.69166666666666,4.498067177503351,116.7231
KOTA BUKITTINGGI,2025,115.155,10,115.155,115.42,107.5,0.0,0.0,115.24333333333334,0.15299782133415119,116.58054545454546
KOTA BUKITTINGGI,2026,115.155,11,115.155,115.155,115.42,0.0,0.0,115.155,0.0,116.46175
KOTA CILEGON,2018,126.594,3,126.594,126.46,119.93,0.0,0.0,126.54933333333332,0.07736493607201732,124.8945
KOTA CILEGON,2019,126.594,4,126.594,126.594,126.46,0.0,0.0,126.594,0.0,125.23440000000001
KOTA CILEGON,2020,106.679,5,126.594,126.594,126.594,-19.914999999999992,-15.731393272982919,119.95566666666667,11.497930610911395,122.14183333333334
KOTA CILEGON,2021,107.71,6,106.679,126.594,126.594,1.0309999999999917,0.9664507541315537,113.661,11.212163350576008,120.08014285714285
KOTA CILEGON,2022,110.14,7,107.71,106.679,126.594,2.430000000000007,2.256057933339539,108.17633333333333,1.777000375164006,118.837625
KOTA CILEGON,2023,117.03,8,110.14,107.71,106.679,6.890000000000001,6.255674595968763,111.62666666666667,4.834587193683983,118.63677777777778
KOTA CILEGON,2024,115.155,9,117.03,110.14,107.71,-1.875,-1.6021532940271754,114.10833333333333,3.5622546699152835,118.2886
KOTA CILEGON,2025,115.155,10,115.155,117.03,110.14,0.0,0.0,115.78000000000002,1.082531754730546,118.00372727272726
KOTA CILEGON,2026,115.155,11,115.155,115.155,117.03,0.0,0.0,115.155,0.0,117.76633333333332
KOTA CIREBON,2018,126.594,3,122.7,119.22,116.45,3.8939999999999912,3.1735941320293337,122.83800000000001,3.68893643208986,121.241
KOTA CIREBON,2019,126.594,4,126.594,122.7,119.22,0.0,0.0,125.29599999999999,2.2482019482243523,122.3116
KOTA CIREBON,2020,106.679,5,126.594,126.594,122.7,-19.914999999999992,-15.731393272982919,119.95566666666666,11.497930610911391,119.70616666666666
KOTA CIREBON,2021,106.679,6,106.679,126.594,126.594,0.0,0.0,113.31733333333334,11.497930610911398,117.84514285714285
KOTA CIREBON,2022,106.679,7,106.679,106.679,126.594,0.0,0.0,106.679,0.0,116.449375
KOTA CIREBON,2023,112.01,8,106.679,106.679,106.679,5.331000000000003,4.997234694738428,108.456,3.0778542850499244,115.95611111111111
KOTA CIREBON,2024,115.155,9,112.01,106.679,106.679,3.144999999999996,2.8077850191947196,111.28133333333334,4.284724067350601,115.876
KOTA CIREBON,2025,115.155,10,115.155,112.01,106.679,0.0,0.0,114.10666666666667,1.8157665966014065,115.81045454545455
KOTA CIREBON,2026,115.155,11,115.155,115.155,112.01,0.0,0.0,115.155,0.0,115.75583333333333
KOTA DENPASAR,2018,126.594,3,125.33,120.25,116.19,1.2639999999999958,1.0085374611026765,124.05799999999999,3.3578373992794694,122.091
KOTA DENPASAR,2019,126.594,4,126.594,125.33,120.25,0.0,0.0,126.17266666666666,0.7297707402555836,122.99159999999999
KOTA DENPASAR,2020,106.679,5,126.594,126.594,125.33,-19.914999999999992,-15.731393272982919,119.95566666666667,11.497930610911393,120.27283333333332
KOTA DENPASAR,2021,106.679,6,106.679,126.594,126.594,0.0,0.0,113.31733333333334,11.4979306109114,118.33085714285714
KOTA DENPASAR,2022,107.09,7,106.679,106.679,126.594,0.41100000000000136,0.3852679533928871,106.81600000000002,0.23729096063741606,116.92575
KOTA DENPASAR,2023,113.91,8,107.09,106.679,106.679,6.819999999999993,6.36847511438976,109.22633333333333,4.061376654945161,116.59066666666666
KOTA DENPASAR,2024,115.155,9,113.91,107.09,106.679,1.2450000000000045,1.0929681327363827,112.05166666666668,4.3417863067329305,116.4471
KOTA DENPASAR,2025,115.155,10,115.155,113.91,107.09,0.0,0.0,114.74,0.7188010851412844,116.32963636363637
KOTA DENPASAR,2026,115.155,11,115.155,115.155,113.91,0.0,0.0,115.155,0.0,116.23174999999999
KOTA DEPOK,2018,126.594,3,126.13,121.51,117.49,0.46399999999999864,0.3678744152858071,124.74466666666666,2.8108940451986726,122.931
KOTA DEPOK,2019,126.594,4,126.594,126.13,121.51,0.0,0.0,126.43933333333332,0.2678905249041142,123.6636
KOTA DEPOK,2020,106.679,5,126.594,126.594,126.13,-19.914999999999992,-15.731393272982919,119.95566666666666,11.497930610911393,120.83283333333333
KOTA DEPOK,2021,106.77,6,106.679,126.594,126.594,0.09099999999999397,0.08530263688260042,113.34766666666667,11.471751406534798,118.82385714285714
KOTA DEPOK,2022,109.18,7,106.77,106.679,126.594,2.410000000000011,2.2571883487871203,107.543,1.4184135504145632,117.618375
KOTA DEPOK,2023,115.95,8,109.18,106.77,106.679,6.769999999999996,6.200769371679793,110.63333333333333,4.759436241124893,117.43299999999999
KOTA DEPOK,2024,115.155,9,115.95,109.18,106.77,-0.7950000000000017,-0.6856403622251039,113.42833333333334,3.70057540570829,117.20519999999999
KOTA DEPOK,2025,115.155,10,115.155,115.95,109.18,0.0,0.0,115.42,0.4589934640055701,117.01881818181818
KOTA DEPOK,2026,115.155,11,115.155,115.155,115.95,0.0,0.0,115.155,0.0,116.8635
KOTA DUMAI,2018,126.594,3,126.594,123.94,118.35,0.0,0.0,125.70933333333333,1.5322876144292636,123.86949999999999
KOTA DUMAI,2019,126.594,4,126.594,126.594,123.94,0.0,0.0,126.594,0.0,124.4144
KOTA DUMAI,2020,106.679,5,126.594,126.594,126.594,-19.914999999999992,-15.731393272982919,119.95566666666666,11.497930610911391,121.4585
KOTA DUMAI,2021,106.679,6,106.679,126.594,126.594,0.0,0.0,113.31733333333334,11.497930610911384,119.34714285714286
KOTA DUMAI,2022,108.02,7,106.679,106.679,126.594,1.340999999999994,1.257042154500887,107.12599999999999,0.774226710983036,117.93124999999999
KOTA DUMAI,2023,115.55,8,108.02,106.679,106.679,7.530000000000001,6.970931309016848,110.08300000000001,4.7818026935455755,117.66666666666667
KOTA DUMAI,2024,115.155,9,115.55,108.02,106.679,-0.394999999999996,-0.34184335785374387,112.90833333333335,4.238025287009649,117.4155
KOTA DUMAI,2025,115.155,10,115.155,115.55,108.02,0.0,0.0,115.28666666666668,0.2280533563298475,117.21
KOTA DUMAI,2026,115.155,11,115.155,115.155,115.55,0.0,0.0,115.155,0.0,117.03875
KOTA GORONTALO,2018,126.594,3,123.74,120.32,113.11,2.853999999999999,2.306449005980271,123.55133333333333,3.1412521919344796,120.941
KOTA GORONTALO,2019,126.594,4,126.594,123.74,120.32,0.0,0.0,125.64266666666667,1.6477576682671313,122.07159999999999
KOTA GORONTALO,2020,106.679,5,126.594,126.594,123.74,-19.914999999999992,-15.731393272982919,119.95566666666666,11.497930610911391,119.50616666666667
KOTA GORONTALO,2021,106.679,6,106.679,126.594,126.594,0.0,0.0,113.31733333333334,11.497930610911398,117.67371428571428
KOTA GORONTALO,2022,106.679,7,106.679,106.679,126.594,0.0,0.0,106.679,0.0,116.299375
KOTA GORONTALO,2023,112.63,8,106.679,106.679,106.679,5.950999999999993,5.578417495477073,108.66266666666667,3.435811451947484,115.89166666666668
KOTA GORONTALO,2024,115.155,9,112.63,106.679,106.679,2.5250000000000057,2.2418538577643643,111.488,4.351869368443883,115.81800000000001
KOTA GORONTALO,2025,115.155,10,115.155,112.63,106.679,0.0,0.0,114.31333333333333,1.457809429703868,115.75772727272728
KOTA GORONTALO,2026,115.155,11,115.155,115.155,112.63,0.0,0.0,115.155,0.0,115.7075
KOTA GUNUNGSITOLI,2018,115.155,3,115.155,115.155,115.155,0.0,0.0,115.155,0.0,115.155
KOTA GUNUNGSITOLI,2019,115.155,4,115.155,115.155,115.155,0.0,0.0,115.155,0.0,115.155
KOTA GUNUNGSITOLI,2020,106.679,5,115.155,115.155,115.155,-8.475999999999999,-7.360514089705184,112.32966666666668,4.893620881651268,113.74233333333332
KOTA GUNUNGSITOLI,2021,107.33,6,106.679,115.155,115.155,0.6509999999999962,0.610241940775591,109.72133333333333,4.716937601170206,112.82628571428572
KOTA GUNUNGSITOLI,2022,109.91,7,107.33,106.679,115.155,2.5799999999999983,2.4038013602906805,107.973,1.7087793889206422,112.46175
KOTA GUNUNGSITOLI,2023,115.65,8,109.91,107.33,106.679,5.740000000000009,5.22245473569285,110.96333333333332,4.258841783082971,112.816
KOTA GUNUNGSITOLI,2024,115.155,9,115.65,109.91,107.33,-0.49500000000000455,-0.4280155642023331,113.57166666666667,3.180740217831899,113.04990000000001
KOTA GUNUNGSITOLI,2025,115.155,10,115.155,115.65,109.91,0.0,0.0,115.32,0.2857883832487693,113.24127272727273
KOTA GUNUNGSITOLI,2026,115.155,11,115.155,115.155,115.65,0.0,0.0,115.155,0.0,113.40075
KOTA JAMBI,2018,126.594,3,125.74,122.47,117.19,0.8539999999999992,0.6791792587879764,124.93466666666666,2.176755689858959,122.99849999999999
KOTA JAMBI,2019,126.594,4,126.594,125.74,122.47,0.0,0.0,126.30933333333333,0.4930571298879892,123.71759999999999
KOTA JAMBI,2020,106.679,5,126.594,126.594,125.74,-19.914999999999992,-15.731393272982919,119.95566666666666,11.497930610911393,120.87783333333333
KOTA JAMBI,2021,106.679,6,106.679,126.594,126.594,0.0,0.0,113.31733333333334,11.497930610911386,118.84942857142858
KOTA JAMBI,2022,108.29,7,106.679,106.679,126.594,1.6110000000000042,1.5101378903064289,107.21600000000001,0.9301112836643144,117.5295
KOTA JAMBI,2023,115.69,8,108.29,106.679,106.679,7.3999999999999915,6.833502631821942,110.21966666666667,4.805438620285666,117.3251111111111
KOTA JAMBI,2024,115.155,9,115.69,108.29,106.679,-0.5349999999999966,-0.46244273489497445,113.045,4.1266299809892875,117.1081
KOTA JAMBI,2025,115.155,10,115.155,115.69,108.29,0.0,0.0,115.33333333333333,0.30888239401593137,116.93054545454544
KOTA JAMBI,2026,115.155,11,115.155,115.155,115.69,0.0,0.0,115.155,0.0,116.78258333333333
KOTA JAYAPURA,2018,126.594,3,126.594,124.7,119.64,0.0,0.0,125.96266666666668,1.0935014098451539,124.382
KOTA JAYAPURA,2019,126.594,4,126.594,126.594,124.7,0.0,0.0,126.594,0.0,124.8244
KOTA JAYAPURA,2020,106.679,5,126.594,126.594,126.594,-19.914999999999992,-15.731393272982919,119.95566666666666,11.497930610911391,121.80016666666666
KOTA JAYAPURA,2021,106.679,6,106.679,126.594,126.594,0.0,0.0,113.31733333333334,11.497930610911384,119.64
KOTA JAYAPURA,2022,106.679,7,106.679,106.679,126.594,0.0,0.0,106.679,0.0,118.019875
KOTA JAYAPURA,2023,110.46,8,106.679,106.679,106.679,3.7809999999999917,3.544277692891762,107.93933333333332,2.182961367805904,117.17988888888888
KOTA JAYAPURA,2024,115.155,9,110.46,106.679,106.679,4.695000000000007,4.250407387289523,110.76466666666666,4.246205404044091,116.97739999999999
KOTA JAYAPURA,2025,115.155,10,115.155,110.46,106.679,0.0,0.0,113.58999999999999,2.7106595138453184,116.81172727272728
KOTA JAYAPURA,2026,115.155,11,115.155,115.155,110.46,0.0,0.0,115.155,0.0,116.67366666666668
KOTA KEDIRI,2018,126.594,3,124.57,121.16,117.75,2.024000000000001,1.6247892751063642,124.10799999999999,2.7463015129442727,122.51849999999999
KOTA KEDIRI,2019,126.594,4,126.594,124.57,121.16,0.0,0.0,125.91933333333333,1.1685569448398112,123.3336
KOTA KEDIRI,2020,106.679,5,126.594,126.594,124.57,-19.914999999999992,-15.731393272982919,119.95566666666666,11.497930610911391,120.55783333333333
KOTA KEDIRI,2021,106.679,6,106.679,126.594,126.594,0.0,0.0,113.31733333333334,11.497930610911384,118.57514285714285
KOTA KEDIRI,2022,107.77,7,106.679,106.679,126.594,1.090999999999994,1.0226942509772297,107.04266666666666,0.6298891436855911,117.22449999999999
KOTA KEDIRI,2023,113.75,8,107.77,106.679,106.679,5.980000000000004,5.5488540410132625,109.39966666666668,3.8067860897787527,116.83844444444445
KOTA KEDIRI,2024,115.155,9,113.75,107.77,106.679,1.4050000000000011,1.235164835164837,112.22500000000001,3.9215781262139524,116.6701
KOTA KEDIRI,2025,115.155,10,115.155,113.75,107.77,0.0,0.0,114.68666666666667,0.8111771282112813,116.53236363636364
KOTA KEDIRI,2026,115.155,11,115.155,115.155,113.75,0.0,0.0,115.155,0.0,116.41758333333333
KOTA KENDARI,2018,126.08,3,123.35,119.9,114.0,2.730000000000004,2.2132144304823687,123.11,3.0969824022748353,120.8325
KOTA KENDARI,2019,126.594,4,126.08,123.35,119.9,0.5139999999999958,0.4076776649746261,125.34133333333334,1.7435897835595813,121.98479999999999
KOTA KENDARI,2020,106.679,5,126.594,126.08,123.35,-19.914999999999992,-15.731393272982919,119.78433333333334,11.352460981361423,119.43383333333333
KOTA KENDARI,2021,106.679,6,106.679,126.594,126.08,0.0,0.0,113.31733333333334,11.497930610911421,117.61171428571429
KOTA KENDARI,2022,108.71,7,106.679,106.679,126.594,2.0309999999999917,1.9038423682261607,107.356,1.172598396724555,116.499
KOTA KENDARI,2023,115.37,8,108.71,106.679,106.679,6.660000000000011,6.126391316346247,110.253,4.5463179607239095,116.37355555555557
KOTA KENDARI,2024,115.155,9,115.37,108.71,106.679,-0.2150000000000034,-0.18635693854555102,113.07833333333333,3.7846146875651554,116.2517
KOTA KENDARI,2025,115.155,10,115.155,115.37,108.71,0.0,0.0,115.22666666666667,0.12413030787714975,116.152
KOTA KENDARI,2026,115.155,11,115.155,115.155,115.37,0.0,0.0,115.155,0.0,116.06891666666667
KOTA KOTAMOBAGU,2018,115.155,3,115.155,115.155,115.155,0.0,0.0,115.155,0.0,115.155
KOTA KOTAMOBAGU,2019,115.155,4,115.155,115.155,115.155,0.0,0.0,115.155,0.0,115.155
KOTA KOTAMOBAGU,2020,106.679,5,115.155,115.155,115.155,-8.475999999999999,-7.360514089705184,112.32966666666668,4.893620881651268,113.74233333333332
KOTA KOTAMOBAGU,2021,106.85,6,106.679,115.155,115.155,0.17099999999999227,0.1602939660101832,109.56133333333332,4.845011902290165,112.75771428571429
KOTA KOTAMOBAGU,2022,108.96,7,106.85,106.679,115.155,2.1099999999999994,1.9747309312119876,107.49633333333333,1.2704528064172083,112.283
KOTA KOTAMOBAGU,2023,116.93,8,108.96,106.85,106.679,7.970000000000013,7.314610866372995,110.91333333333334,5.316317647896286,112.79933333333332
KOTA KOTAMOBAGU,2024,115.155,9,116.93,108.96,106.85,-1.7750000000000057,-1.5180022235525614,113.68166666666667,4.184287075874875,113.0349
KOTA KOTAMOBAGU,2025,115.155,10,115.155,116.93,108.96,0.0,0.0,115.74666666666667,1.0247967278116774,113.22763636363635
KOTA KOTAMOBAGU,2026,115.155,11,115.155,115.155,116.93,0.0,0.0,115.155,0.0,113.38825000000001
KOTA KUPANG,2018,126.594,3,126.594,126.594,119.17,0.0,0.0,126.594,0.0,124.738
KOTA KUPANG,2019,126.594,4,126.594,126.594,126.594,0.0,0.0,126.594,0.0,125.10919999999999
KOTA KUPANG,2020,106.679,5,126.594,126.594,126.594,-19.914999999999992,-15.731393272982919,119.95566666666666,11.49793061091139,122.03750000000001
KOTA KUPANG,2021,106.679,6,106.679,126.594,126.594,0.0,0.0,113.31733333333334,11.497930610911382,119.84342857142857
KOTA KUPANG,2022,107.17,7,106.679,106.679,126.594,0.49099999999999966,0.4602592825204477,106.84266666666667,0.2834789821713623,118.25925
KOTA KUPANG,2023,113.14,8,107.17,106.679,106.679,5.969999999999999,5.570588784174668,108.99633333333334,3.5969084410550334,117.69044444444444
KOTA KUPANG,2024,115.155,9,113.14,107.17,106.679,2.0150000000000006,1.7809793176595479,111.82166666666666,4.152536373511138,117.4369
KOTA KUPANG,2025,115.155,10,115.155,113.14,107.17,0.0,0.0,114.48333333333333,1.1633607924170108,117.22945454545453
KOTA KUPANG,2026,115.155,11,115.155,115.155,113.14,0.0,0.0,115.155,0.0,117.05658333333334
KOTA LHOKSEUMAWE,2018,126.594,3,124.27,118.49,113.6,2.323999999999998,1.8701215096161627,123.118,4.173012341223068,120.73849999999999
KOTA LHOKSEUMAWE,2019,126.594,4,126.594,124.27,118.49,0.0,0.0,125.81933333333332,1.3417620255967129,121.9096
KOTA LHOKSEUMAWE,2020,106.679,5,126.594,126.594,124.27,-19.914999999999992,-15.731393272982919,119.95566666666666,11.497930610911391,119.37116666666667
KOTA LHOKSEUMAWE,2021,106.71,6,106.679,126.594,126.594,0.0309999999999917,0.029059140036924447,113.32766666666667,11.488992137404095,117.56242857142857
KOTA LHOKSEUMAWE,2022,108.84,7,106.71,106.679,126.594,2.1300000000000097,1.9960640989598044,107.40966666666667,1.2388019750279222,116.47212499999999
KOTA LHOKSEUMAWE,2023,116.0,8,108.84,106.71,106.679,7.159999999999997,6.578463800073497,110.51666666666667,4.866665525113994,116.41966666666667
KOTA LHOKSEUMAWE,2024,115.155,9,116.0,108.84,106.71,-0.8449999999999989,-0.7284482758620703,113.33166666666666,3.9127750169583027,116.2932
KOTA LHOKSEUMAWE,2025,115.155,10,115.155,116.0,108.84,0.0,0.0,115.43666666666667,0.4878609774649971,116.18972727272727
KOTA LHOKSEUMAWE,2026,115.155,11,115.155,115.155,116.0,0.0,0.0,115.155,0.0,116.1035
KOTA LUBUKLINGGAU,2018,126.594,3,125.23,120.58,113.88,1.36399999999999,1.0891958795815615,124.13466666666666,3.153072364113045,121.571
KOTA LUBUKLINGGAU,2019,126.594,4,126.594,125.23,120.58,0.0,0.0,126.13933333333334,0.7875057671747231,122.57559999999998
KOTA LUBUKLINGGAU,2020,106.679,5,126.594,126.594,125.23,-19.914999999999992,-15.731393272982919,119.95566666666666,11.497930610911396,119.92616666666667
KOTA LUBUKLINGGAU,2021,106.679,6,106.679,126.594,126.594,0.0,0.0,113.31733333333334,11.49793061091139,118.03371428571428
KOTA LUBUKLINGGAU,2022,107.63,7,106.679,106.679,126.594,0.9509999999999934,0.8914594250039709,106.996,0.5490601059991035,116.73325
KOTA LUBUKLINGGAU,2023,113.44,8,107.63,106.679,106.679,5.810000000000002,5.398123199851335,109.24966666666667,3.65995496329301,116.36733333333333
KOTA LUBUKLINGGAU,2024,115.155,9,113.44,107.63,106.679,1.7150000000000034,1.5118124118476794,112.075,3.9438337946723765,116.2461
KOTA LUBUKLINGGAU,2025,115.155,10,115.155,113.44,107.63,0.0,0.0,114.58333333333333,0.9901557116601923,116.14690909090909
KOTA LUBUKLINGGAU,2026,115.155,11,115.155,115.155,113.44,0.0,0.0,115.155,0.0,116.06425
KOTA MADIUN,2018,126.594,3,125.46,120.67,116.18,1.1340000000000003,0.9038737446197986,124.24133333333333,3.1444085824417174,122.226
KOTA MADIUN,2019,126.594,4,126.594,125.46,120.67,0.0,0.0,126.216,0.6547152052608366,123.09960000000001
KOTA MADIUN,2020,106.679,5,126.594,126.594,125.46,-19.914999999999992,-15.731393272982919,119.95566666666666,11.4979306109114,120.36283333333334
KOTA MADIUN,2021,106.679,6,106.679,126.594,126.594,0.0,0.0,113.31733333333334,11.497930610911423,118.408
KOTA MADIUN,2022,106.94,7,106.679,106.679,126.594,0.2609999999999957,0.24465921127869716,106.766,0.15068842026317436,116.9745
KOTA MADIUN,2023,113.04,8,106.94,106.679,106.679,6.1000000000000085,5.704133158780622,108.88633333333333,3.599547240047639,116.53733333333334
KOTA MADIUN,2024,115.155,9,113.04,106.94,106.679,2.114999999999995,1.8710191082802474,111.71166666666666,4.265549007259709,116.3991
KOTA MADIUN,2025,115.155,10,115.155,113.04,106.94,0.0,0.0,114.45,1.221095819336328,116.286
KOTA MADIUN,2026,115.155,11,115.155,115.155,113.04,0.0,0.0,115.155,0.0,116.19175
KOTA MAKASSAR,2018,126.594,3,126.594,124.19,116.21,0.0,0.0,125.79266666666666,1.3879500471319217,123.39699999999999
KOTA MAKASSAR,2019,126.594,4,126.594,126.594,124.19,0.0,0.0,126.594,0.0,124.0364
KOTA MAKASSAR,2020,106.679,5,126.594,126.594,126.594,-19.914999999999992,-15.731393272982919,119.95566666666667,11.497930610911386,121.1435
KOTA MAKASSAR,2021,106.679,6,106.679,126.594,126.594,0.0,0.0,113.31733333333334,11.497930610911368,119.07714285714285
KOTA MAKASSAR,2022,108.46,7,106.679,106.679,126.594,1.7809999999999917,1.6694944647025034,107.27266666666667,1.0282608294262494,117.75
KOTA MAKASSAR,2023,114.66,8,108.46,106.679,106.679,6.200000000000003,5.716393140328235,109.93299999999999,4.189437551748343,117.40666666666665
KOTA MAKASSAR,2024,115.155,9,114.66,108.46,106.679,0.49500000000000455,0.43171114599687144,112.75833333333333,3.7306847003375485,117.1815
KOTA MAKASSAR,2025,115.155,10,115.155,114.66,108.46,0.0,0.0,114.99000000000001,0.28578838324787836,116.99727272727273
KOTA MAKASSAR,2026,115.155,11,115.155,115.155,114.66,0.0,0.0,115.155,0.0,116.84375
KOTA MALANG,2018,126.594,3,126.594,123.66,118.53,0.0,0.0,125.61599999999999,1.6939456898023602,123.8445
KOTA MALANG,2019,126.594,4,126.594,126.594,123.66,0.0,0.0,126.594,0.0,124.39439999999999
KOTA MALANG,2020,106.679,5,126.594,126.594,126.594,-19.914999999999992,-15.731393272982919,119.95566666666666,11.497930610911391,121.44183333333332
KOTA MALANG,2021,106.679,6,106.679,126.594,126.594,0.0,0.0,113.31733333333334,11.497930610911384,119.33285714285714
KOTA MALANG,2022,106.679,7,106.679,106.679,126.594,0.0,0.0,106.679,0.0,117.751125
KOTA MALANG,2023,112.95,8,106.679,106.679,106.679,6.271000000000001,5.878382811987359,108.76933333333334,3.620563538088103,117.21766666666667
KOTA MALANG,2024,115.155,9,112.95,106.679,106.679,2.2049999999999983,1.9521912350597637,111.59466666666667,4.397537985433799,117.01140000000001
KOTA MALANG,2025,115.155,10,115.155,112.95,106.679,0.0,0.0,114.42,1.2730573435631032,116.84263636363636
KOTA MALANG,2026,115.155,11,115.155,115.155,112.95,0.0,0.0,115.155,0.0,116.702
KOTA MANADO,2018,126.594,3,126.594,123.96,117.54,0.0,0.0,125.716,1.5207406090454918,123.672
KOTA MANADO,2019,126.594,4,126.594,126.594,123.96,0.0,0.0,126.594,0.0,124.25639999999999
KOTA MANADO,2020,106.679,5,126.594,126.594,126.594,-19.914999999999992,-15.731393272982919,119.95566666666666,11.497930610911393,121.32683333333334
KOTA MANADO,2021,106.679,6,106.679,126.594,126.594,0.0,0.0,113.31733333333334,11.497930610911386,119.23428571428572
KOTA MANADO,2022,107.86,7,106.679,106.679,126.594,1.1809999999999974,1.1070594962457436,107.07266666666668,0.6818506679127025,117.8125
KOTA MANADO,2023,113.07,8,107.86,106.679,106.679,5.209999999999994,4.83033562024846,109.20299999999999,3.4005818619759296,117.28555555555555
KOTA MANADO,2024,115.155,9,113.07,107.86,106.679,2.085000000000008,1.8439904483948055,112.02833333333332,3.7574004755060573,117.07249999999999
KOTA MANADO,2025,115.155,10,115.155,113.07,107.86,0.0,0.0,114.46,1.203775311260324,116.89818181818181
KOTA MANADO,2026,115.155,11,115.155,115.155,113.07,0.0,0.0,115.155,0.0,116.75291666666668
KOTA MATARAM,2018,126.594,3,126.594,122.49,117.36,0.0,0.0,125.226,2.3694455047542182,123.2595
KOTA MATARAM,2019,126.594,4,126.594,126.594,122.49,0.0,0.0,126.594,0.0,123.92639999999999
KOTA MATARAM,2020,106.679,5,126.594,126.594,126.594,-19.914999999999992,-15.731393272982919,119.95566666666666,11.49793061091139,121.05183333333332
KOTA MATARAM,2021,106.679,6,106.679,126.594,126.594,0.0,0.0,113.31733333333334,11.497930610911382,118.99857142857142
KOTA MATARAM,2022,106.679,7,106.679,106.679,126.594,0.0,0.0,106.679,0.0,117.458625
KOTA MATARAM,2023,113.22,8,106.679,106.679,106.679,6.540999999999997,6.131478547792901,108.85933333333332,3.7764481107693024,116.98766666666666
KOTA MATARAM,2024,115.155,9,113.22,106.679,106.679,1.9350000000000023,1.7090620031796622,111.68466666666666,4.441686654113865,116.80439999999999
KOTA MATARAM,2025,115.155,10,115.155,113.22,106.679,0.0,0.0,114.50999999999999,1.1171727708819608,116.65445454545456
KOTA MATARAM,2026,115.155,11,115.155,115.155,113.22,0.0,0.0,115.155,0.0,116.5295
KOTA MEDAN,2018,126.594,3,126.594,126.31,118.64,0.0,0.0,126.49933333333333,0.16396747644996548,124.5345
KOTA MEDAN,2019,126.594,4,126.594,126.594,126.31,0.0,0.0,126.594,0.0,124.9464
KOTA MEDAN,2020,106.679,5,126.594,126.594,126.594,-19.914999999999992,-15.731393272982919,119.95566666666667,11.497930610911391,121.90183333333333
KOTA MEDAN,2021,106.679,6,106.679,126.594,126.594,0.0,0.0,113.31733333333334,11.497930610911384,119.72714285714287
KOTA MEDAN,2022,106.72,7,106.679,106.679,126.594,0.04099999999999682,0.038433056177877845,106.69266666666668,0.023671361028978658,118.10125
KOTA MEDAN,2023,112.92,8,106.72,106.679,106.679,6.200000000000003,5.8095952023988096,108.77299999999998,3.5914658567219813,117.52555555555556
KOTA MEDAN,2024,115.155,9,112.92,106.72,106.679,2.2349999999999994,1.9792773645058492,111.59833333333334,4.370058161321571,117.2885
KOTA MEDAN,2025,115.155,10,115.155,112.92,106.72,0.0,0.0,114.41000000000001,1.2903778516388562,117.09454545454545
KOTA MEDAN,2026,115.155,11,115.155,115.155,112.92,0.0,0.0,115.155,0.0,116.93291666666666
KOTA METRO,2018,126.594,3,126.594,126.594,125.45,0.0,0.0,126.594,0.0,126.30799999999999
KOTA METRO,2019,126.594,4,126.594,126.594,126.594,0.0,0.0,126.594,0.0,126.3652
KOTA METRO,2020,106.679,5,126.594,126.594,126.594,-19.914999999999992,-15.731393272982919,119.95566666666667,11.497930610911391,123.08416666666666
KOTA METRO,2021,107.18,6,106.679,126.594,126.594,0.5010000000000048,0.4696331986614011,113.48433333333334,11.356067555863383,120.81214285714285
KOTA METRO,2022,109.6,7,107.18,106.679,126.594,2.4199999999999875,2.257883933569693,107.81966666666666,1.5620308362298516,119.410625
KOTA METRO,2023,116.16,8,109.6,107.18,106.679,6.560000000000002,5.985401459854023,110.98,4.646331886553054,119.04944444444443
KOTA METRO,2024,115.155,9,116.16,109.6,107.18,-1.0049999999999955,-0.8651859504132164,113.63833333333332,3.5332150137421756,118.66
KOTA METRO,2025,115.155,10,115.155,116.16,109.6,0.0,0.0,115.49000000000001,0.580237020535423,118.34136363636362
KOTA METRO,2026,115.155,11,115.155,115.155,116.16,0.0,0.0,115.155,0.0,118.07583333333334
KOTA MEULABOH,2018,126.594,3,126.594,122.27,119.24,0.0,0.0,125.15266666666666,2.4964625639759492,123.6745
KOTA MEULABOH,2019,126.594,4,126.594,126.594,122.27,0.0,0.0,126.594,0.0,124.25839999999998
KOTA MEULABOH,2020,106.679,5,126.594,126.594,126.594,-19.914999999999992,-15.731393272982919,119.95566666666666,11.497930610911393,121.3285
KOTA MEULABOH,2021,108.99,6,106.679,126.594,126.594,2.310999999999993,2.166312020172656,114.08766666666666,10.892266078889788,119.56585714285714
KOTA MEULABOH,2022,111.46,7,108.99,106.679,126.594,2.469999999999999,2.2662629599045747,109.043,2.3909406098854933,118.55262499999999
KOTA MEULABOH,2023,120.06,8,111.46,108.99,106.679,8.600000000000009,7.715772474430294,113.50333333333333,5.810992456829836,118.72011111111111
KOTA MEULABOH,2024,115.155,9,120.06,111.46,108.99,-4.905000000000001,-4.085457271364323,115.55833333333332,4.314163688750501,118.36359999999999
KOTA MEULABOH,2025,115.155,10,115.155,120.06,111.46,0.0,0.0,116.79,2.8319030703751142,118.07190909090909
KOTA MEULABOH,2026,115.155,11,115.155,115.155,120.06,0.0,0.0,115.155,0.0,117.82883333333332
KOTA PADANG,2018,126.594,3,126.594,126.594,120.98,0.0,0.0,126.594,0.0,125.1905
KOTA PADANG,2019,126.594,4,126.594,126.594,126.594,0.0,0.0,126.594,0.0,125.4712
KOTA PADANG,2020,106.679,5,126.594,126.594,126.594,-19.914999999999992,-15.731393272982919,119.95566666666666,11.497930610911387,122.33916666666666
KOTA PADANG,2021,106.679,6,106.679,126.594,126.594,0.0,0.0,113.31733333333334,11.49793061091138,120.10199999999999
KOTA PADANG,2022,108.02,7,106.679,106.679,126.594,1.340999999999994,1.257042154500887,107.12599999999999,0.7742267109829992,118.59174999999999
KOTA PADANG,2023,115.37,8,108.02,106.679,106.679,7.3500000000000085,6.804295500833191,110.02300000000001,4.67892904412962,118.23377777777779
KOTA PADANG,2024,115.155,9,115.37,108.02,106.679,-0.2150000000000034,-0.18635693854555102,112.84833333333331,4.182840940477327,117.9259
KOTA PADANG,2025,115.155,10,115.155,115.37,108.02,0.0,0.0,115.22666666666667,0.12413030787582494,117.67399999999999
KOTA PADANG,2026,115.155,11,115.155,115.155,115.37,0.0,0.0,115.155,0.0,117.46408333333333
KOTA PADANGSIDIMPUAN,2018,126.594,3,126.594,120.86,116.25,0.0,0.0,124.68266666666666,3.3105264435332966,122.5745
KOTA PADANGSIDIMPUAN,2019,126.594,4,126.594,126.594,120.86,0.0,0.0,126.594,0.0,123.37839999999998
KOTA PADANGSIDIMPUAN,2020,106.679,5,126.594,126.594,126.594,-19.914999999999992,-15.731393272982919,119.95566666666666,11.497930610911387,120.59516666666667
KOTA PADANGSIDIMPUAN,2021,107.19,6,106.679,126.594,126.594,0.5109999999999957,0.4790071148023545,113.48766666666666,11.353292929072735,118.68014285714285
KOTA PADANGSIDIMPUAN,2022,110.07,7,107.19,106.679,126.594,2.8799999999999955,2.686817800167929,107.97966666666666,1.8282232722872935,117.603875
KOTA PADANGSIDIMPUAN,2023,117.47,8,110.07,107.19,106.679,7.400000000000006,6.72299445807214,111.57666666666667,5.303030580086529,117.589
KOTA PADANGSIDIMPUAN,2024,115.155,9,117.47,110.07,107.19,-2.3149999999999977,-1.9707159274708452,114.23166666666667,3.7854204962372178,117.34559999999999
KOTA PADANGSIDIMPUAN,2025,115.155,10,115.155,117.47,110.07,0.0,0.0,115.92666666666668,1.3365658731737757,117.14645454545453
KOTA PADANGSIDIMPUAN,2026,115.155,11,115.155,115.155,117.47,0.0,0.0,115.155,0.0,116.9805
KOTA PALANGKA RAYA,2018,126.594,3,124.74,120.74,116.26,1.8539999999999992,1.486291486291491,124.02466666666668,2.9918397907196392,122.0835
KOTA PALANGKA RAYA,2019,126.594,4,126.594,124.74,120.74,0.0,0.0,125.976,1.0704073990775593,122.9856
KOTA PALANGKA RAYA,2020,106.679,5,126.594,126.594,124.74,-19.914999999999992,-15.731393272982919,119.95566666666666,11.49793061091139,120.26783333333333
KOTA PALANGKA RAYA,2021,106.679,6,106.679,126.594,126.594,0.0,0.0,113.31733333333334,11.497930610911382,118.32657142857143
KOTA PALANGKA RAYA,2022,108.5,7,106.679,106.679,126.594,1.820999999999998,1.7069901292662948,107.286,1.0513548401941148,117.09825
KOTA PALANGKA RAYA,2023,115.14,8,108.5,106.679,106.679,6.640000000000001,6.119815668202766,110.10633333333334,4.453353829793115,116.88066666666666
KOTA PALANGKA RAYA,2024,115.155,9,115.14,108.5,106.679,0.015000000000000568,0.013027618551331166,112.93166666666666,3.8379432425888056,116.70809999999999
KOTA PALANGKA RAYA,2025,115.155,10,115.155,115.14,108.5,0.0,0.0,115.14999999999999,0.008660254027291373,116.56690909090908
KOTA PALANGKA RAYA,2026,115.155,11,115.155,115.155,115.14,0.0,0.0,115.155,0.0,116.44925
KOTA PALEMBANG,2018,126.594,3,125.73,120.78,115.05,0.8639999999999901,0.6871868289191063,124.368,3.1371853627097175,122.0385
KOTA PALEMBANG,2019,126.594,4,126.594,125.73,120.78,0.0,0.0,126.306,0.4988306325799717,122.9496
KOTA PALEMBANG,2020,106.679,5,126.594,126.594,125.73,-19.914999999999992,-15.731393272982919,119.95566666666666,11.497930610911396,120.23783333333334
KOTA PALEMBANG,2021,106.679,6,106.679,126.594,126.594,0.0,0.0,113.31733333333334,11.49793061091139,118.30085714285714
KOTA PALEMBANG,2022,107.54,7,106.679,106.679,126.594,0.8610000000000042,0.8070941797354791,106.96600000000001,0.4970985817720211,116.95575
KOTA PALEMBANG,2023,113.39,8,107.54,106.679,106.679,5.849999999999994,5.4398363399665195,109.20300000000002,3.6515143433923076,116.55955555555556
KOTA PALEMBANG,2024,115.155,9,113.39,107.54,106.679,1.7650000000000006,1.5565746538495517,112.02833333333335,3.9859325550406743,116.4191
KOTA PALEMBANG,2025,115.155,10,115.155,113.39,107.54,0.0,0.0,114.56666666666666,1.0190232251195657,116.30418181818182
KOTA PALEMBANG,2026,115.155,11,115.155,115.155,113.39,0.0,0.0,115.155,0.0,116.20841666666666
KOTA PALOPO,2018,126.594,3,125.87,121.3,115.98,0.7239999999999895,0.5751966314451407,124.58800000000001,2.8704097268508675,122.436
KOTA PALOPO,2019,126.594,4,126.594,125.87,121.3,0.0,0.0,126.35266666666666,0.41800159489337807,123.26759999999999
KOTA PALOPO,2020,106.679,5,126.594,126.594,125.87,-19.914999999999992,-15.731393272982919,119.95566666666666,11.497930610911395,120.50283333333334
KOTA PALOPO,2021,106.679,6,106.679,126.594,126.594,0.0,0.0,113.31733333333334,11.497930610911387,118.528
KOTA PALOPO,2022,107.94,7,106.679,106.679,126.594,1.2609999999999957,1.1820508253733042,107.09933333333333,0.7280386894479112,117.2045
KOTA PALOPO,2023,113.73,8,107.94,106.679,106.679,5.790000000000006,5.3640911617565346,109.44966666666666,3.7601157340344087,116.81844444444444
KOTA PALOPO,2024,115.155,9,113.73,107.94,106.679,1.4249999999999972,1.2529675547348962,112.27499999999999,3.821233439610814,116.65209999999999
KOTA PALOPO,2025,115.155,10,115.155,113.73,107.94,0.0,0.0,114.68,0.8227241335951677,116.51599999999999
KOTA PALOPO,2026,115.155,11,115.155,115.155,113.73,0.0,0.0,115.155,0.0,116.40258333333333
KOTA PALU,2018,126.594,3,126.594,123.95,118.14,0.0,0.0,125.71266666666668,1.5265141117373724,123.8195
KOTA PALU,2019,126.594,4,126.594,126.594,123.95,0.0,0.0,126.594,0.0,124.3744
KOTA PALU,2020,106.679,5,126.594,126.594,126.594,-19.914999999999992,-15.731393272982919,119.95566666666666,11.497930610911391,121.42516666666666
KOTA PALU,2021,107.57,6,106.679,126.594,126.594,0.8909999999999911,0.8352159281582949,113.61433333333332,11.249545783423128,119.44585714285714
KOTA PALU,2022,110.06,7,107.57,106.679,126.594,2.490000000000009,2.3147717765176212,108.103,1.7523860875958985,118.272625
KOTA PALU,2023,116.19,8,110.06,107.57,106.679,6.1299999999999955,5.569689260403421,111.27333333333333,4.436240901183458,118.04122222222223
KOTA PALU,2024,115.155,9,116.19,110.06,107.57,-1.0349999999999966,-0.8907823392718783,113.80166666666666,3.28144150234817,117.7526
KOTA PALU,2025,115.155,10,115.155,116.19,110.06,0.0,0.0,115.5,0.5975575286110323,117.51645454545455
KOTA PALU,2026,115.155,11,115.155,115.155,116.19,0.0,0.0,115.155,0.0,117.31966666666666
KOTA PANGKAL PINANG,2018,126.594,3,126.594,125.41,118.32,0.0,0.0,126.19933333333331,0.6835827187204612,124.2295
KOTA PANGKAL PINANG,2019,126.594,4,126.594,126.594,125.41,0.0,0.0,126.594,0.0,124.70239999999998
KOTA PANGKAL PINANG,2020,106.679,5,126.594,126.594,126.594,-19.914999999999992,-15.731393272982919,119.95566666666666,11.497930610911407,121.69850000000001
KOTA PANGKAL PINANG,2021,106.679,6,106.679,126.594,126.594,0.0,0.0,113.31733333333334,11.497930610911432,119.55285714285715
KOTA PANGKAL PINANG,2022,107.89,7,106.679,106.679,126.594,1.2109999999999985,1.1351812446685816,107.08266666666667,0.6991711759897596,118.095
KOTA PANGKAL PINANG,2023,113.2,8,107.89,106.679,106.679,5.310000000000002,4.921679488367792,109.25633333333333,3.468574683257468,117.55111111111111
KOTA PANGKAL PINANG,2024,115.155,9,113.2,107.89,106.679,1.9549999999999983,1.7270318021201492,112.08166666666666,3.7593960064529415,117.3115
KOTA PANGKAL PINANG,2025,115.155,10,115.155,113.2,107.89,0.0,0.0,114.50333333333333,1.1287197762660246,117.11545454545454
KOTA PANGKAL PINANG,2026,115.155,11,115.155,115.155,113.2,0.0,0.0,115.155,0.0,116.95208333333333
KOTA PARE-PARE,2018,126.594,3,123.4,120.86,116.54,3.1939999999999884,2.588330632090763,123.618,2.8732093554073015,121.8485
KOTA PARE-PARE,2019,126.594,4,126.594,123.4,120.86,0.0,0.0,125.52933333333333,1.8440567597916848,122.79760000000002
KOTA PARE-PARE,2020,106.679,5,126.594,126.594,123.4,-19.914999999999992,-15.731393272982919,119.95566666666666,11.497930610911395,120.11116666666668
KOTA PARE-PARE,2021,106.679,6,106.679,126.594,126.594,0.0,0.0,113.31733333333334,11.497930610911387,118.19228571428572
KOTA PARE-PARE,2022,110.0,7,106.679,106.679,126.594,3.320999999999998,3.1130775504082386,107.786,1.9173802439786822,117.16825
KOTA PARE-PARE,2023,116.11,8,110.0,106.679,106.679,6.109999999999999,5.5545454545454565,110.92966666666666,4.783738112954466,117.05066666666666
KOTA PARE-PARE,2024,115.155,9,116.11,110.0,106.679,-0.9549999999999983,-0.822495909051757,113.755,3.2867955519015584,116.86110000000001
KOTA PARE-PARE,2025,115.155,10,115.155,116.11,110.0,0.0,0.0,115.47333333333334,0.5513695070759936,116.706
KOTA PARE-PARE,2026,115.155,11,115.155,115.155,116.11,0.0,0.0,115.155,0.0,116.57675
KOTA PEKANBARU,2018,126.594,3,126.594,122.5,118.02,0.0,0.0,125.22933333333333,2.363672002062337,123.42699999999999
KOTA PEKANBARU,2019,126.594,4,126.594,126.594,122.5,0.0,0.0,126.594,0.0,124.0604
KOTA PEKANBARU,2020,106.679,5,126.594,126.594,126.594,-19.914999999999992,-15.731393272982919,119.95566666666667,11.497930610911393,121.1635
KOTA PEKANBARU,2021,106.679,6,106.679,126.594,126.594,0.0,0.0,113.31733333333334,11.497930610911386,119.0942857142857
KOTA PEKANBARU,2022,107.75,7,106.679,106.679,126.594,1.070999999999998,1.003946418695345,107.036,0.6183421383018225,117.67625
KOTA PEKANBARU,2023,114.97,8,107.75,106.679,106.679,7.219999999999999,6.700696055684463,109.79966666666667,4.509547686113663,117.37555555555554
KOTA PEKANBARU,2024,115.155,9,114.97,107.75,106.679,0.18500000000000227,0.16091154214143977,112.625,4.222887045612263,117.15350000000001
KOTA PEKANBARU,2025,115.155,10,115.155,114.97,107.75,0.0,0.0,115.09333333333335,0.10680979980004586,116.9718181818182
KOTA PEKANBARU,2026,115.155,11,115.155,115.155,114.97,0.0,0.0,115.155,0.0,116.82041666666667
KOTA PEMATANG SIANTAR,2018,126.594,3,126.594,126.21,119.56,0.0,0.0,126.466,0.22170250336898464,124.73949999999999
KOTA PEMATANG SIANTAR,2019,126.594,4,126.594,126.594,126.21,0.0,0.0,126.594,0.0,125.1104
KOTA PEMATANG SIANTAR,2020,106.679,5,126.594,126.594,126.594,-19.914999999999992,-15.731393272982919,119.95566666666667,11.497930610911395,122.0385
KOTA PEMATANG SIANTAR,2021,106.679,6,106.679,126.594,126.594,0.0,0.0,113.31733333333334,11.497930610911387,119.8442857142857
KOTA PEMATANG SIANTAR,2022,109.03,7,106.679,106.679,126.594,2.350999999999999,2.2038076847364474,107.46266666666668,1.3573504828647005,118.49249999999999
KOTA PEMATANG SIANTAR,2023,115.5,8,109.03,106.679,106.679,6.469999999999999,5.9341465651655545,110.403,4.567970774862694,118.16000000000001
KOTA PEMATANG SIANTAR,2024,115.155,9,115.5,109.03,106.679,-0.34499999999999886,-0.29870129870129825,113.22833333333334,3.6399530674629528,117.8595
KOTA PEMATANG SIANTAR,2025,115.155,10,115.155,115.5,109.03,0.0,0.0,115.27,0.1991858428693818,117.61363636363636
KOTA PEMATANG SIANTAR,2026,115.155,11,115.155,115.155,115.5,0.0,0.0,115.155,0.0,117.40875
KOTA PONTIANAK,2018,126.594,3,126.594,126.594,124.2,0.0,0.0,126.594,0.0,125.99549999999999
KOTA PONTIANAK,2019,126.594,4,126.594,126.594,126.594,0.0,0.0,126.594,0.0,126.1152
KOTA PONTIANAK,2020,106.679,5,126.594,126.594,126.594,-19.914999999999992,-15.731393272982919,119.95566666666667,11.497930610911391,122.87583333333333
KOTA PONTIANAK,2021,106.679,6,106.679,126.594,126.594,0.0,0.0,113.31733333333334,11.497930610911384,120.562
KOTA PONTIANAK,2022,108.63,7,106.679,106.679,126.594,1.9509999999999934,1.8288510390986001,107.32933333333334,1.1264103751888004,119.0705
KOTA PONTIANAK,2023,114.55,8,108.63,106.679,106.679,5.920000000000002,5.449691613734697,109.95299999999999,4.0988909475612685,118.56822222222223
KOTA PONTIANAK,2024,115.155,9,114.55,108.63,106.679,0.605000000000004,0.5281536446966495,112.77833333333335,3.605275070411851,118.2269
KOTA PONTIANAK,2025,115.155,10,115.155,114.55,108.63,0.0,0.0,114.95333333333333,0.34929691285953973,117.94763636363636
KOTA PONTIANAK,2026,115.155,11,115.155,115.155,114.55,0.0,0.0,115.155,0.0,117.71491666666667
KOTA PROBOLINGGO,2018,126.594,3,124.66,121.64,117.98,1.9339999999999975,1.5514198620246944,124.298,2.496760300869918,122.7185
KOTA PROBOLINGGO,2019,126.594,4,126.594,124.66,121.64,0.0,0.0,125.94933333333331,1.1165954206127835,123.49359999999999
KOTA PROBOLINGGO,2020,106.679,5,126.594,126.594,124.66,-19.914999999999992,-15.731393272982919,119.95566666666666,11.497930610911382,120.69116666666666
KOTA PROBOLINGGO,2021,106.679,6,106.679,126.594,126.594,0.0,0.0,113.31733333333334,11.497930610911364,118.68942857142858
KOTA PROBOLINGGO,2022,106.679,7,106.679,106.679,126.594,0.0,0.0,106.679,0.0,117.188125
KOTA PROBOLINGGO,2023,112.39,8,106.679,106.679,106.679,5.7109999999999985,5.353443508094369,108.58266666666667,3.2972473873418022,116.655
KOTA PROBOLINGGO,2024,115.155,9,112.39,106.679,106.679,2.7650000000000006,2.4601832903283105,111.408,4.3224862058772535,116.505
KOTA PROBOLINGGO,2025,115.155,10,115.155,112.39,106.679,0.0,0.0,114.23333333333333,1.596373494309083,116.38227272727272
KOTA PROBOLINGGO,2026,115.155,11,115.155,115.155,112.39,0.0,0.0,115.155,0.0,116.27999999999999
KOTA SAMARINDA,2018,126.594,3,126.594,125.98,120.7,0.0,0.0,126.38933333333334,0.35449306528240254,124.967
KOTA SAMARINDA,2019,126.594,4,126.594,126.594,125.98,0.0,0.0,126.594,0.0,125.2924
KOTA SAMARINDA,2020,106.679,5,126.594,126.594,126.594,-19.914999999999992,-15.731393272982919,119.95566666666666,11.49793061091141,122.19016666666666
KOTA SAMARINDA,2021,106.679,6,106.679,126.594,126.594,0.0,0.0,113.31733333333334,11.497930610911435,119.9742857142857
KOTA SAMARINDA,2022,107.18,7,106.679,106.679,126.594,0.5010000000000048,0.4696331986614011,106.846,0.28925248486686905,118.375
KOTA SAMARINDA,2023,112.44,8,107.18,106.679,106.679,5.259999999999991,4.907632020899411,108.76633333333332,3.191335196016662,117.71555555555557
KOTA SAMARINDA,2024,115.155,9,112.44,107.18,106.679,2.7150000000000034,2.4146211312700228,111.59166666666665,4.054615682568986,117.4595
KOTA SAMARINDA,2025,115.155,10,115.155,112.44,107.18,0.0,0.0,114.25,1.5675059808500593,117.25
KOTA SAMARINDA,2026,115.155,11,115.155,115.155,112.44,0.0,0.0,115.155,0.0,117.07541666666667
KOTA SEMARANG,2018,126.594,3,126.53,121.88,117.37,0.06399999999999295,0.05058088990752552,125.00133333333333,2.7033433620858136,123.0935
KOTA SEMARANG,2019,126.594,4,126.594,126.53,121.88,0.0,0.0,126.57266666666665,0.03695041722994478,123.7936
KOTA SEMARANG,2020,106.679,5,126.594,126.594,126.53,-19.914999999999992,-15.731393272982919,119.95566666666666,11.497930610911382,120.94116666666666
KOTA SEMARANG,2021,106.679,6,106.679,126.594,126.594,0.0,0.0,113.31733333333334,11.497930610911364,118.90371428571429
KOTA SEMARANG,2022,107.73,7,106.679,106.679,126.594,1.051000000000002,0.9851985864134383,107.02933333333334,0.6067951329174264,117.507
KOTA SEMARANG,2023,113.43,8,107.73,106.679,106.679,5.700000000000003,5.291005291005302,109.27966666666667,3.632506067900296,117.05400000000002
KOTA SEMARANG,2024,115.155,9,113.43,107.73,106.679,1.7249999999999943,1.520761703253104,112.105,3.8857914251796086,116.86410000000001
KOTA SEMARANG,2025,115.155,10,115.155,113.43,107.73,0.0,0.0,114.58,0.9959292143518959,116.70872727272727
KOTA SEMARANG,2026,115.155,11,115.155,115.155,113.43,0.0,0.0,115.155,0.0,116.57925
KOTA SERANG,2018,126.594,3,126.594,126.594,121.63,0.0,0.0,126.594,0.0,125.353
KOTA SERANG,2019,126.594,4,126.594,126.594,126.594,0.0,0.0,126.594,0.0,125.60119999999999
KOTA SERANG,2020,106.679,5,126.594,126.594,126.594,-19.914999999999992,-15.731393272982919,119.95566666666666,11.497930610911391,122.44749999999999
KOTA SERANG,2021,108.11,6,106.679,126.594,126.594,1.4309999999999974,1.341407399769401,113.79433333333333,11.107904407822975,120.39928571428571
KOTA SERANG,2022,111.19,7,108.11,106.679,126.594,3.0799999999999983,2.8489501433724973,108.65966666666667,2.305185531217189,119.248125
KOTA SERANG,2023,118.64,8,111.19,108.11,106.679,7.450000000000003,6.700242827592406,112.64666666666666,5.414021918438549,119.18055555555556
KOTA SERANG,2024,115.155,9,118.64,111.19,108.11,-3.4849999999999994,-2.9374578556979114,114.995,3.727576290299047,118.77799999999999
KOTA SERANG,2025,115.155,10,115.155,118.64,111.19,0.0,0.0,116.31666666666666,2.012065688125725,118.44863636363635
KOTA SERANG,2026,115.155,11,115.155,115.155,118.64,0.0,0.0,115.155,0.0,118.17416666666666
KOTA SIBOLGA,2018,126.594,3,126.594,125.62,117.68,0.0,0.0,126.26933333333334,0.562339162190688,124.122
KOTA SIBOLGA,2019,126.594,4,126.594,126.594,125.62,0.0,0.0,126.594,0.0,124.6164
KOTA SIBOLGA,2020,106.679,5,126.594,126.594,126.594,-19.914999999999992,-15.731393272982919,119.95566666666666,11.497930610911391,121.62683333333332
KOTA SIBOLGA,2021,106.679,6,106.679,126.594,126.594,0.0,0.0,113.31733333333334,11.497930610911384,119.49142857142859
KOTA SIBOLGA,2022,109.58,7,106.679,106.679,126.594,2.9009999999999962,2.7193730724884846,107.646,1.6748931309189936,118.2525
KOTA SIBOLGA,2023,117.15,8,109.58,106.679,106.679,7.570000000000007,6.908194926081412,111.13633333333333,5.406208498877298,118.13000000000001
KOTA SIBOLGA,2024,115.155,9,117.15,109.58,106.679,-1.9950000000000045,-1.702944942381568,113.96166666666666,3.9235517497967614,117.83250000000001
KOTA SIBOLGA,2025,115.155,10,115.155,117.15,109.58,0.0,0.0,115.82000000000001,1.1518137870332712,117.58909090909091
KOTA SIBOLGA,2026,115.155,11,115.155,115.155,117.15,0.0,0.0,115.155,0.0,117.38625
KOTA SINGKAWANG,2018,126.594,3,126.594,122.86,118.96,0.0,0.0,125.34933333333333,2.155825905154054,123.752
KOTA SINGKAWANG,2019,126.594,4,126.594,126.594,122.86,0.0,0.0,126.594,0.0,124.32039999999999
KOTA SINGKAWANG,2020,106.679,5,126.594,126.594,126.594,-19.914999999999992,-15.731393272982919,119.95566666666666,11.49793061091139,121.38016666666665
KOTA SINGKAWANG,2021,106.679,6,106.679,126.594,126.594,0.0,0.0,113.31733333333334,11.497930610911382,119.28
KOTA SINGKAWANG,2022,107.61,7,106.679,106.679,126.594,0.9309999999999974,0.8727115927220863,106.98933333333333,0.5375131006151538,117.82124999999999
KOTA SINGKAWANG,2023,113.4,8,107.61,106.679,106.679,5.790000000000006,5.3805408419292045,109.22966666666667,3.6414901253927656,117.33
KOTA SINGKAWANG,2024,115.155,9,113.4,107.61,106.679,1.7549999999999955,1.5476190476190421,112.055,3.9482306163647207,117.1125
KOTA SINGKAWANG,2025,115.155,10,115.155,113.4,107.61,0.0,0.0,114.57,1.0132497224276913,116.93454545454546
KOTA SINGKAWANG,2026,115.155,11,115.155,115.155,113.4,0.0,0.0,115.155,0.0,116.78625
KOTA SORONG,2018,126.594,3,126.594,124.69,116.54,0.0,0.0,125.95933333333333,1.0992749125370098,123.6045
KOTA SORONG,2019,126.594,4,126.594,126.594,124.69,0.0,0.0,126.594,0.0,124.20239999999998
KOTA SORONG,2020,106.679,5,126.594,126.594,126.594,-19.914999999999992,-15.731393272982919,119.95566666666666,11.497930610911387,121.28183333333334
KOTA SORONG,2021,106.679,6,106.679,126.594,126.594,0.0,0.0,113.31733333333334,11.497930610911379,119.19571428571429
KOTA SORONG,2022,107.1,7,106.679,106.679,126.594,0.42099999999999227,0.3946418695338183,106.81933333333332,0.24306446332784432,117.68375
KOTA SORONG,2023,111.75,8,107.1,106.679,106.679,4.650000000000006,4.341736694677878,108.50966666666666,2.814094940355239,117.02444444444444
KOTA SORONG,2024,115.155,9,111.75,107.1,106.679,3.405000000000001,3.046979865771804,111.335,4.043504049707359,116.8375
KOTA SORONG,2025,115.155,10,115.155,111.75,107.1,0.0,0.0,114.02,1.965877666590659,116.68454545454546
KOTA SORONG,2026,115.155,11,115.155,115.155,111.75,0.0,0.0,115.155,0.0,116.55708333333332
KOTA SUKABUMI,2018,126.594,3,126.58,122.82,118.96,0.013999999999995794,0.011060199083590128,125.33133333333335,2.1748897290054487,123.73849999999999
KOTA SUKABUMI,2019,126.594,4,126.594,126.58,122.82,0.0,0.0,126.58933333333334,0.008082903773584085,124.3096
KOTA SUKABUMI,2020,106.679,5,126.594,126.594,126.58,-19.914999999999992,-15.731393272982919,119.95566666666666,11.497930610911395,121.37116666666667
KOTA SUKABUMI,2021,106.679,6,106.679,126.594,126.594,0.0,0.0,113.31733333333334,11.497930610911387,119.2722857142857
KOTA SUKABUMI,2022,108.21,7,106.679,106.679,126.594,1.5309999999999917,1.435146561178846,107.18933333333332,0.8839232621291436,117.8895
KOTA SUKABUMI,2023,114.1,8,108.21,106.679,106.679,5.890000000000001,5.443119859532386,109.663,3.9180629142472667,117.46844444444443
KOTA SUKABUMI,2024,115.155,9,114.1,108.21,106.679,1.0550000000000068,0.9246275197195564,112.48833333333333,3.7425069583546913,117.23709999999998
KOTA SUKABUMI,2025,115.155,10,115.155,114.1,108.21,0.0,0.0,114.80333333333334,0.609104533995095,117.04781818181819
KOTA SUKABUMI,2026,115.155,11,115.155,115.155,114.1,0.0,0.0,115.155,0.0,116.89008333333334
KOTA SURABAYA,2018,126.594,3,126.594,122.6,117.79,0.0,0.0,125.26266666666665,2.3059369751433976,123.3945
KOTA SURABAYA,2019,126.594,4,126.594,126.594,122.6,0.0,0.0,126.594,0.0,124.0344
KOTA SURABAYA,2020,106.679,5,126.594,126.594,126.594,-19.914999999999992,-15.731393272982919,119.95566666666667,11.497930610911386,121.14183333333334
KOTA SURABAYA,2021,106.679,6,106.679,126.594,126.594,0.0,0.0,113.31733333333334,11.497930610911368,119.07571428571428
KOTA SURABAYA,2022,108.12,7,106.679,106.679,126.594,1.4410000000000025,1.3507813159103543,107.15933333333334,0.8319617379016686,117.70625
KOTA SURABAYA,2023,115.29,8,108.12,106.679,106.679,7.170000000000002,6.631520532741408,110.02966666666667,4.612206666372669,117.43777777777778
KOTA SURABAYA,2024,115.155,9,115.29,108.12,106.679,-0.13500000000000512,-0.11709601873536313,112.85500000000002,4.101185804130221,117.2095
KOTA SURABAYA,2025,115.155,10,115.155,115.29,108.12,0.0,0.0,115.2,0.07794228633644784,117.02272727272727
KOTA SURABAYA,2026,115.155,11,115.155,115.155,115.29,0.0,0.0,115.155,0.0,116.86708333333333
KOTA SURAKARTA,2018,126.594,3,124.43,120.32,115.55,2.1639999999999873,1.7391304347825987,123.78133333333334,3.186902153084275,121.7235
KOTA SURAKARTA,2019,126.594,4,126.594,124.43,120.32,0.0,0.0,125.87266666666666,1.249385982526276,122.6976
KOTA SURAKARTA,2020,106.679,5,126.594,126.594,124.43,-19.914999999999992,-15.731393272982919,119.95566666666666,11.497930610911384,120.02783333333333
KOTA SURAKARTA,2021,106.679,6,106.679,126.594,126.594,0.0,0.0,113.31733333333334,11.497930610911375,118.12085714285715
KOTA SURAKARTA,2022,108.09,7,106.679,106.679,126.594,1.4110000000000014,1.3226595674875163,107.14933333333333,0.81464122982622,116.867
KOTA SURAKARTA,2023,115.77,8,108.09,106.679,106.679,7.679999999999993,7.105190119344984,110.17966666666666,4.8925045051928935,116.7451111111111
KOTA SURAKARTA,2024,115.155,9,115.77,108.09,106.679,-0.6149999999999949,-0.5312257061414805,113.005,4.267607643633548,116.58609999999999
KOTA SURAKARTA,2025,115.155,10,115.155,115.77,108.09,0.0,0.0,115.36000000000001,0.3550704155509729,116.456
KOTA SURAKARTA,2026,115.155,11,115.155,115.155,115.77,0.0,0.0,115.155,0.0,116.34758333333333
KOTA TANGERANG,2018,126.594,3,126.594,126.594,123.72,0.0,0.0,126.594,0.0,125.87549999999999
KOTA TANGERANG,2019,126.594,4,126.594,126.594,126.594,0.0,0.0,126.594,0.0,126.0192
KOTA TANGERANG,2020,106.679,5,126.594,126.594,126.594,-19.914999999999992,-15.731393272982919,119.95566666666666,11.497930610911391,122.79583333333333
KOTA TANGERANG,2021,106.679,6,106.679,126.594,126.594,0.0,0.0,113.31733333333334,11.497930610911384,120.49342857142857
KOTA TANGERANG,2022,107.55,7,106.679,106.679,126.594,0.8709999999999951,0.8164680958764103,106.96933333333334,0.5028720844637738,118.8755
KOTA TANGERANG,2023,112.54,8,107.55,106.679,106.679,4.990000000000009,4.639702463970252,108.923,3.1625428060343546,118.17155555555554
KOTA TANGERANG,2024,115.155,9,112.54,107.55,106.679,2.614999999999995,2.3236182690598906,111.74833333333333,3.86381396205006,117.8699
KOTA TANGERANG,2025,115.155,10,115.155,112.54,107.55,0.0,0.0,114.28333333333335,1.5097709539307522,117.62309090909092
KOTA TANGERANG,2026,115.155,11,115.155,115.155,112.54,0.0,0.0,115.155,0.0,117.41741666666667
KOTA TANJUNG PINANG,2018,126.594,3,126.594,123.84,119.04,0.0,0.0,125.67599999999999,1.5900226413482326,124.017
KOTA TANJUNG PINANG,2019,126.594,4,126.594,126.594,123.84,0.0,0.0,126.594,0.0,124.53240000000001
KOTA TANJUNG PINANG,2020,106.679,5,126.594,126.594,126.594,-19.914999999999992,-15.731393272982919,119.95566666666667,11.497930610911391,121.55683333333333
KOTA TANJUNG PINANG,2021,106.679,6,106.679,126.594,126.594,0.0,0.0,113.31733333333334,11.497930610911384,119.43142857142857
KOTA TANJUNG PINANG,2022,106.679,7,106.679,106.679,126.594,0.0,0.0,106.679,0.0,117.837375
KOTA TANJUNG PINANG,2023,111.17,8,106.679,106.679,106.679,4.491,4.209825738898942,108.176,2.5928800589305525,117.09655555555554
KOTA TANJUNG PINANG,2024,115.155,9,111.17,106.679,106.679,3.9849999999999994,3.5846001619141754,111.00133333333333,4.24051651728102,116.90239999999999
KOTA TANJUNG PINANG,2025,115.155,10,115.155,111.17,106.679,0.0,0.0,113.82666666666667,2.300740822720647,116.74354545454547
KOTA TANJUNG PINANG,2026,115.155,11,115.155,115.155,111.17,0.0,0.0,115.155,0.0,116.61116666666668
KOTA TARAKAN,2018,126.594,3,126.594,126.594,126.44,0.0,0.0,126.594,0.0,126.5555
KOTA TARAKAN,2019,126.594,4,126.594,126.594,126.594,0.0,0.0,126.594,0.0,126.56320000000001
KOTA TARAKAN,2020,106.679,5,126.594,126.594,126.594,-19.914999999999992,-15.731393272982919,119.95566666666666,11.497930610911391,123.24916666666667
KOTA TARAKAN,2021,106.679,6,106.679,126.594,126.594,0.0,0.0,113.31733333333334,11.497930610911384,120.88199999999999
KOTA TARAKAN,2022,108.41,7,106.679,106.679,126.594,1.7309999999999945,1.6226248839977808,107.25600000000001,0.9993933159670503,119.323
KOTA TARAKAN,2023,112.86,8,108.41,106.679,106.679,4.450000000000003,4.104787381237895,109.31633333333333,3.1886157393660737,118.60488888888888
KOTA TARAKAN,2024,115.155,9,112.86,108.41,106.679,2.2950000000000017,2.0334928229664984,112.14166666666667,3.429396205359362,118.25989999999999
KOTA TARAKAN,2025,115.155,10,115.155,112.86,108.41,0.0,0.0,114.39,1.3250188677901698,117.97763636363635
KOTA TARAKAN,2026,115.155,11,115.155,115.155,112.86,0.0,0.0,115.155,0.0,117.74241666666666
KOTA TASIKMALAYA,2018,126.594,3,125.69,121.85,116.39,0.9039999999999964,0.7192298512212592,124.71133333333334,2.518873822432001,122.631
KOTA TASIKMALAYA,2019,126.594,4,126.594,125.69,121.85,0.0,0.0,126.29266666666666,0.5219246433472137,123.4236
KOTA TASIKMALAYA,2020,106.679,5,126.594,126.594,125.69,-19.914999999999992,-15.731393272982919,119.95566666666666,11.497930610911402,120.63283333333334
KOTA TASIKMALAYA,2021,106.679,6,106.679,126.594,126.594,0.0,0.0,113.31733333333334,11.497930610911427,118.63942857142857
KOTA TASIKMALAYA,2022,106.679,7,106.679,106.679,126.594,0.0,0.0,106.679,0.0,117.144375
KOTA TASIKMALAYA,2023,112.7,8,106.679,106.679,106.679,6.021000000000001,5.644034908463702,108.68599999999999,3.476225970790919,116.65055555555556
KOTA TASIKMALAYA,2024,115.155,9,112.7,106.679,106.679,2.4549999999999983,2.178349600709839,111.51133333333333,4.361231515677002,116.501
KOTA TASIKMALAYA,2025,115.155,10,115.155,112.7,106.679,0.0,0.0,114.33666666666666,1.417394910860778,116.37863636363636
KOTA TASIKMALAYA,2026,115.155,11,115.155,115.155,112.7,0.0,0.0,115.155,0.0,116.27666666666666
KOTA TEGAL,2018,126.594,3,124.08,119.75,114.22,2.513999999999996,2.026112185686646,123.47466666666666,3.461922202091402,121.161
KOTA TEGAL,2019,126.594,4,126.594,124.08,119.75,0.0,0.0,125.75599999999999,1.451458576742747,122.24759999999999
KOTA TEGAL,2020,106.679,5,126.594,126.594,124.08,-19.914999999999992,-15.731393272982919,119.95566666666667,11.497930610911391,119.65283333333333
KOTA TEGAL,2021,106.679,6,106.679,126.594,126.594,0.0,0.0,113.31733333333334,11.497930610911384,117.79942857142858
KOTA TEGAL,2022,108.86,7,106.679,106.679,126.594,2.1809999999999974,2.044451110340373,107.406,1.2592009371024337,116.682
KOTA TEGAL,2023,115.91,8,108.86,106.679,106.679,7.049999999999997,6.4762079735440015,110.48299999999999,4.824773258921054,116.59622222222222
KOTA TEGAL,2024,115.155,9,115.91,108.86,106.679,-0.7549999999999955,-0.6513674402553682,113.30833333333334,3.870821402923817,116.4521
KOTA TEGAL,2025,115.155,10,115.155,115.91,108.86,0.0,0.0,115.40666666666668,0.4358994532379766,116.33418181818182
KOTA TEGAL,2026,115.155,11,115.155,115.155,115.91,0.0,0.0,115.155,0.0,116.23591666666665
KOTA TERNATE,2018,126.594,3,126.594,126.594,120.62,0.0,0.0,126.594,0.0,125.1005
KOTA TERNATE,2019,126.594,4,126.594,126.594,126.594,0.0,0.0,126.594,0.0,125.3992
KOTA TERNATE,2020,106.679,5,126.594,126.594,126.594,-19.914999999999992,-15.731393272982919,119.95566666666666,11.497930610911391,122.27916666666665
KOTA TERNATE,2021,106.679,6,106.679,126.594,126.594,0.0,0.0,113.31733333333334,11.497930610911384,120.05057142857143
KOTA TERNATE,2022,107.13,7,106.679,106.679,126.594,0.4509999999999934,0.4227636179566785,106.82933333333334,0.26038497140376154,118.43549999999999
KOTA TERNATE,2023,114.42,8,107.13,106.679,106.679,7.290000000000006,6.80481657798937,109.40966666666667,4.344931568314171,117.98933333333333
KOTA TERNATE,2024,115.155,9,114.42,107.13,106.679,0.7349999999999994,0.6423702149973787,112.235,4.436307586270349,117.7059
KOTA TERNATE,2025,115.155,10,115.155,114.42,107.13,0.0,0.0,114.91000000000001,0.42435244785429604,117.47399999999999
KOTA TERNATE,2026,115.155,11,115.155,115.155,114.42,0.0,0.0,115.155,0.0,117.28075
KOTA TUAL,2018,126.594,3,126.594,126.594,126.594,0.0,0.0,126.594,0.0,126.594
KOTA TUAL,2019,126.594,4,126.594,126.594,126.594,0.0,0.0,126.594,0.0,126.594
KOTA TUAL,2020,106.679,5,126.594,126.594,126.594,-19.914999999999992,-15.731393272982919,119.95566666666666,11.497930610911391,123.27483333333333
KOTA TUAL,2021,106.679,6,106.679,126.594,126.594,0.0,0.0,113.31733333333334,11.497930610911384,120.904
KOTA TUAL,2022,109.32,7,106.679,106.679,126.594,2.640999999999991,2.475651252823874,107.55933333333333,1.5247820609296723,119.45599999999999
KOTA TUAL,2023,116.68,8,109.32,106.679,106.679,7.360000000000014,6.732528357116729,110.89299999999999,5.182735474631112,119.14755555555556
KOTA TUAL,2024,115.155,9,116.68,109.32,106.679,-1.5250000000000057,-1.3069934864586963,113.71833333333332,3.8846374777234054,118.7483
KOTA TUAL,2025,115.155,10,115.155,116.68,109.32,0.0,0.0,115.66333333333334,0.8804591605141512,118.42163636363635
KOTA TUAL,2026,115.155,11,115.155,115.155,116.68,0.0,0.0,115.155,0.0,118.14941666666665
KOTA YOGYAKARTA,2018,126.594,3,125.19,120.98,116.52,1.4039999999999964,1.121495327102795,124.25466666666667,2.921538179338644,122.321
KOTA YOGYAKARTA,2019,126.594,4,126.594,125.19,120.98,0.0,0.0,126.12599999999999,0.8105997779422677,123.17559999999999
KOTA YOGYAKARTA,2020,106.679,5,126.594,126.594,125.19,-19.914999999999992,-15.731393272982919,119.95566666666666,11.497930610911393,120.42616666666667
KOTA YOGYAKARTA,2021,106.82,6,106.679,126.594,126.594,0.14099999999999113,0.132172217587323,113.36433333333332,11.457444319451573,118.48242857142857
KOTA YOGYAKARTA,2022,109.22,7,106.82,106.679,126.594,2.4000000000000057,2.246770267740139,107.573,1.4280850814988804,117.324625
KOTA YOGYAKARTA,2023,116.08,8,109.22,106.82,106.679,6.859999999999999,6.280900933894884,110.70666666666666,4.805677198203508,117.18633333333332
KOTA YOGYAKARTA,2024,115.155,9,116.08,109.22,106.82,-0.9249999999999972,-0.7968642315644314,113.485,3.722442074767569,116.98319999999998
KOTA YOGYAKARTA,2025,115.155,10,115.155,116.08,109.22,0.0,0.0,115.46333333333332,0.5340489990003725,116.81700000000001
KOTA YOGYAKARTA,2026,115.155,11,115.155,115.155,116.08,0.0,0.0,115.155,0.0,116.6785
KOTABARU,2018,115.155,3,115.155,115.155,115.155,0.0,0.0,115.155,0.0,115.155
KOTABARU,2019,115.155,4,115.155,115.155,115.155,0.0,0.0,115.155,0.0,115.155
KOTABARU,2020,115.155,5,115.155,115.155,115.155,0.0,0.0,115.155,0.0,115.155
KOTABARU,2021,115.155,6,115.155,115.155,115.155,0.0,0.0,115.155,0.0,115.155
KOTABARU,2022,115.155,7,115.155,115.155,115.155,0.0,0.0,115.155,0.0,115.155
KOTABARU,2023,115.155,8,115.155,115.155,115.155,0.0,0.0,115.155,0.0,115.155
KOTABARU,2024,115.155,9,115.155,115.155,115.155,0.0,0.0,115.155,0.0,115.155
KOTABARU,2025,115.155,10,115.155,115.155,115.155,0.0,0.0,115.155,0.0,115.155
KOTABARU,2026,115.155,11,115.155,115.155,115.155,0.0,0.0,115.155,0.0,115.155
KUDUS,2018,126.594,3,126.594,126.594,123.23,0.0,0.0,126.594,0.0,125.753
KUDUS,2019,126.594,4,126.594,126.594,126.594,0.0,0.0,126.594,0.0,125.9212
KUDUS,2020,106.679,5,126.594,126.594,126.594,-19.914999999999992,-15.731393272982919,119.95566666666666,11.49793061091139,122.71416666666666
KUDUS,2021,106.679,6,106.679,126.594,126.594,0.0,0.0,113.31733333333334,11.497930610911382,120.42342857142856
KUDUS,2022,107.2,7,106.679,106.679,126.594,0.5210000000000008,0.48838103094330787,106.85266666666666,0.30079949024709296,118.7705
KUDUS,2023,113.82,8,107.2,106.679,106.679,6.61999999999999,6.175373134328344,109.233,3.9809907058418994,118.22044444444444
KUDUS,2024,115.155,9,113.82,107.2,106.679,1.335000000000008,1.1729045861887277,112.05833333333332,4.260059663118933,117.91389999999998
KUDUS,2025,115.155,10,115.155,113.82,107.2,0.0,0.0,114.71,0.7707626093679997,117.6630909090909
KUDUS,2026,115.155,11,115.155,115.155,113.82,0.0,0.0,115.155,0.0,117.45408333333334
LUWUK,2018,115.155,3,115.155,115.155,115.155,0.0,0.0,115.155,0.0,115.155
LUWUK,2019,115.155,4,115.155,115.155,115.155,0.0,0.0,115.155,0.0,115.155
LUWUK,2020,106.89,5,115.155,115.155,115.155,-8.265,-7.177282792757589,112.39999999999999,4.771799974852259,113.77749999999999
LUWUK,2021,107.67,6,106.89,115.155,115.155,0.7800000000000011,0.7297221442604584,109.90500000000002,4.563329376672262,112.905
LUWUK,2022,110.82,7,107.67,106.89,115.155,3.1499999999999915,2.925606018389515,108.46,2.080696998604083,112.644375
LUWUK,2023,118.28,8,110.82,107.67,106.89,7.460000000000008,6.7316368886482625,112.25666666666666,5.448947910682708,113.27055555555555
LUWUK,2024,115.155,9,118.28,110.82,107.67,-3.125,-2.6420358471423766,114.75166666666667,3.746319304775493,113.45899999999999
LUWUK,2025,115.155,10,115.155,118.28,110.82,0.0,0.0,116.19666666666667,1.804219591217645,113.61318181818181
LUWUK,2026,115.155,11,115.155,115.155,118.28,0.0,0.0,115.155,0.0,113.74166666666667
MAMUJU,2018,126.594,3,126.594,122.25,115.69,0.0,0.0,125.146,2.508009569359737,122.782
MAMUJU,2019,126.594,4,126.594,126.594,122.25,0.0,0.0,126.594,0.0,123.5444
MAMUJU,2020,106.679,5,126.594,126.594,126.594,-19.914999999999992,-15.731393272982919,119.95566666666666,11.497930610911391,120.73349999999999
MAMUJU,2021,106.72,6,106.679,126.594,126.594,0.04099999999999682,0.038433056177877845,113.331,11.486113224237332,118.73157142857143
MAMUJU,2022,109.8,7,106.72,106.679,126.594,3.0799999999999983,2.8860569715142503,107.733,1.7901918891559205,117.61512499999999
MAMUJU,2023,114.79,8,109.8,106.72,106.679,4.990000000000009,4.544626593806922,110.43666666666667,4.072497186411924,117.30122222222222
MAMUJU,2024,115.155,9,114.79,109.8,106.72,0.3649999999999949,0.3179719487760302,113.24833333333333,2.991915495687175,117.0866
MAMUJU,2025,115.155,10,115.155,114.79,109.8,0.0,0.0,115.03333333333335,0.21073284825347893,116.911
MAMUJU,2026,115.155,11,115.155,115.155,114.79,0.0,0.0,115.155,0.0,116.76466666666666
MANOKWARI,2018,124.46,3,121.76,115.94,112.5,2.6999999999999886,2.21747700394217,120.71999999999998,4.354170414671436,118.66499999999999
MANOKWARI,2019,126.594,4,124.46,121.76,115.94,2.1340000000000003,1.7146071026835852,124.27133333333332,2.4225163226144284,120.2508
MANOKWARI,2020,108.96,5,126.594,124.46,121.76,-17.634,-13.929570121806723,120.00466666666667,9.624291419805058,118.36899999999999
MANOKWARI,2021,106.82,6,108.96,126.594,124.46,-2.1400000000000006,-1.9640234948605007,114.12466666666666,10.851640674724406,116.71914285714286
MANOKWARI,2022,109.75,7,106.82,108.96,126.594,2.930000000000007,2.742932035199397,108.50999999999999,1.5159485479394588,115.848
MANOKWARI,2023,117.25,8,109.75,106.82,108.96,7.5,6.833712984054663,111.27333333333333,5.379278142402857,116.00377777777777
MANOKWARI,2024,115.155,9,117.25,109.75,106.82,-2.094999999999999,-1.7867803837953056,114.05166666666668,3.869820193928023,115.91890000000001
MANOKWARI,2025,115.155,10,115.155,117.25,109.75,0.0,0.0,115.85333333333334,1.2095488139521908,115.84945454545455
MANOKWARI,2026,115.155,11,115.155,115.155,117.25,0.0,0.0,115.155,0.0,115.79158333333334
MAUMERE,2018,124.73,3,122.29,118.41,112.91,2.4399999999999977,1.9952571755662785,121.81,3.1872244978978124,119.58500000000001
MAUMERE,2019,126.594,4,124.73,122.29,118.41,1.86399999999999,1.494427964403111,124.53800000000001,2.158414232718066,120.98679999999999
MAUMERE,2020,106.679,5,126.594,124.73,122.29,-19.914999999999992,-15.731393272982919,119.33433333333333,10.99939636222521,118.60216666666668
MAUMERE,2021,106.679,6,106.679,126.594,124.73,0.0,0.0,113.31733333333334,11.497930610911391,116.89885714285715
MAUMERE,2022,107.69,7,106.679,106.679,126.594,1.0109999999999957,0.9477029218496469,107.016,0.5837011221507071,115.74775
MAUMERE,2023,114.0,8,107.69,106.679,106.679,6.310000000000002,5.8594112730987025,109.45633333333335,3.9672673634799613,115.55355555555555
MAUMERE,2024,115.155,9,114.0,107.69,106.679,1.1550000000000011,1.013157894736838,112.28166666666668,4.018215814678589,115.5137
MAUMERE,2025,115.155,10,115.155,114.0,107.69,0.0,0.0,114.77,0.6668395609137828,115.4810909090909
MAUMERE,2026,115.155,11,115.155,115.155,114.0,0.0,0.0,115.155,0.0,115.45391666666667
MERAUKE,2018,126.594,3,126.594,126.594,124.87,0.0,0.0,126.594,0.0,126.163
MERAUKE,2019,126.594,4,126.594,126.594,126.594,0.0,0.0,126.594,0.0,126.2492
MERAUKE,2020,106.679,5,126.594,126.594,126.594,-19.914999999999992,-15.731393272982919,119.95566666666666,11.497930610911391,122.9875
MERAUKE,2021,106.679,6,106.679,126.594,126.594,0.0,0.0,113.31733333333334,11.497930610911384,120.65771428571429
MERAUKE,2022,107.14,7,106.679,106.679,126.594,0.4609999999999985,0.4321375340976097,106.83266666666667,0.2661584740956794,118.968
MERAUKE,2023,111.59,8,107.14,106.679,106.679,4.450000000000003,4.153444091842462,108.46966666666667,2.712100723301592,118.14822222222223
MERAUKE,2024,115.155,9,111.59,107.14,106.679,3.5649999999999977,3.1947307106371614,111.295,4.015635068080739,117.8489
MERAUKE,2025,115.155,10,115.155,111.59,107.14,0.0,0.0,113.96666666666668,2.058253709660998,117.604
MERAUKE,2026,115.155,11,115.155,115.155,111.59,0.0,0.0,115.155,0.0,117.39991666666667
PROV ACEH,2018,115.155,3,115.155,115.155,115.155,0.0,0.0,115.155,0.0,115.155
PROV ACEH,2019,115.155,4,115.155,115.155,115.155,0.0,0.0,115.155,0.0,115.155
PROV ACEH,2020,115.155,5,115.155,115.155,115.155,0.0,0.0,115.155,0.0,115.155
PROV ACEH,2021,115.155,6,115.155,115.155,115.155,0.0,0.0,115.155,0.0,115.155
PROV ACEH,2022,115.155,7,115.155,115.155,115.155,0.0,0.0,115.155,0.0,115.155
PROV ACEH,2023,115.155,8,115.155,115.155,115.155,0.0,0.0,115.155,0.0,115.155
PROV ACEH,2024,106.679,9,115.155,115.155,115.155,-8.475999999999999,-7.360514089705184,112.32966666666668,4.893620881651268,114.3074
PROV ACEH,2025,106.679,10,106.679,115.155,115.155,0.0,0.0,109.50433333333335,4.893620881651268,113.61390909090909
PROV ACEH,2026,113.96,11,106.679,106.679,115.155,7.280999999999992,6.82514834222292,109.106,4.203687309969662,113.64274999999999
PROV BALI,2018,115.155,3,115.155,115.155,115.155,0.0,0.0,115.155,0.0,115.155
PROV BALI,2019,115.155,4,115.155,115.155,115.155,0.0,0.0,115.155,0.0,115.155
PROV BALI,2020,115.155,5,115.155,115.155,115.155,0.0,0.0,115.155,0.0,115.155
PROV BALI,2021,115.155,6,115.155,115.155,115.155,0.0,0.0,115.155,0.0,115.155
PROV BALI,2022,115.155,7,115.155,115.155,115.155,0.0,0.0,115.155,0.0,115.155
PROV BALI,2023,115.155,8,115.155,115.155,115.155,0.0,0.0,115.155,0.0,115.155
PROV BALI,2024,106.679,9,115.155,115.155,115.155,-8.475999999999999,-7.360514089705184,112.32966666666668,4.893620881651268,114.3074
PROV BALI,2025,107.23,10,106.679,115.155,115.155,0.5510000000000019,0.5165027793661459,109.688,4.742569662113566,113.664
PROV BALI,2026,111.4,11,107.23,106.679,115.155,4.170000000000002,3.8888370791756,108.43633333333334,2.5813543602793727,113.47533333333332
PROV BANTEN,2018,115.155,3,115.155,115.155,115.155,0.0,0.0,115.155,0.0,115.155
PROV BANTEN,2019,115.155,4,115.155,115.155,115.155,0.0,0.0,115.155,0.0,115.155
PROV BANTEN,2020,115.155,5,115.155,115.155,115.155,0.0,0.0,115.155,0.0,115.155
PROV BANTEN,2021,115.155,6,115.155,115.155,115.155,0.0,0.0,115.155,0.0,115.155
PROV BANTEN,2022,115.155,7,115.155,115.155,115.155,0.0,0.0,115.155,0.0,115.155
PROV BANTEN,2023,115.155,8,115.155,115.155,115.155,0.0,0.0,115.155,0.0,115.155
PROV BANTEN,2024,106.679,9,115.155,115.155,115.155,-8.475999999999999,-7.360514089705184,112.32966666666668,4.893620881651268,114.3074
PROV BANTEN,2025,106.679,10,106.679,115.155,115.155,0.0,0.0,109.50433333333335,4.893620881651268,113.61390909090909
PROV BANTEN,2026,110.18,11,106.679,106.679,115.155,3.5010000000000048,3.2818080409452666,107.846,2.0213032924328824,113.32775
PROV BENGKULU,2018,115.155,3,115.155,115.155,115.155,0.0,0.0,115.155,0.0,115.155
PROV BENGKULU,2019,115.155,4,115.155,115.155,115.155,0.0,0.0,115.155,0.0,115.155
PROV BENGKULU,2020,115.155,5,115.155,115.155,115.155,0.0,0.0,115.155,0.0,115.155
PROV BENGKULU,2021,115.155,6,115.155,115.155,115.155,0.0,0.0,115.155,0.0,115.155
PROV BENGKULU,2022,115.155,7,115.155,115.155,115.155,0.0,0.0,115.155,0.0,115.155
PROV BENGKULU,2023,115.155,8,115.155,115.155,115.155,0.0,0.0,115.155,0.0,115.155
PROV BENGKULU,2024,106.679,9,115.155,115.155,115.155,-8.475999999999999,-7.360514089705184,112.32966666666668,4.893620881651268,114.3074
PROV BENGKULU,2025,106.679,10,106.679,115.155,115.155,0.0,0.0,109.50433333333335,4.893620881651268,113.61390909090909
PROV BENGKULU,2026,108.79,11,106.679,106.679,115.155,2.111000000000004,1.9788336973537435,107.38266666666668,1.2187864182593044,113.21191666666668
PROV DI YOGYAKARTA,2018,115.155,3,115.155,115.155,115.155,0.0,0.0,115.155,0.0,115.155
PROV DI YOGYAKARTA,2019,115.155,4,115.155,115.155,115.155,0.0,0.0,115.155,0.0,115.155
PROV DI YOGYAKARTA,2020,115.155,5,115.155,115.155,115.155,0.0,0.0,115.155,0.0,115.155
PROV DI YOGYAKARTA,2021,115.155,6,115.155,115.155,115.155,0.0,0.0,115.155,0.0,115.155
PROV DI YOGYAKARTA,2022,115.155,7,115.155,115.155,115.155,0.0,0.0,115.155,0.0,115.155
PROV DI YOGYAKARTA,2023,115.155,8,115.155,115.155,115.155,0.0,0.0,115.155,0.0,115.155
PROV DI YOGYAKARTA,2024,106.679,9,115.155,115.155,115.155,-8.475999999999999,-7.360514089705184,112.32966666666668,4.893620881651268,114.3074
PROV DI YOGYAKARTA,2025,106.679,10,106.679,115.155,115.155,0.0,0.0,109.50433333333335,4.893620881651268,113.61390909090909
PROV DI YOGYAKARTA,2026,110.5,11,106.679,106.679,115.155,3.820999999999998,3.5817733574555533,107.95266666666667,2.2060553785735566,113.35441666666667
PROV DKI JAKARTA,2018,115.155,3,115.155,115.155,115.155,0.0,0.0,115.155,0.0,115.155
PROV DKI JAKARTA,2019,115.155,4,115.155,115.155,115.155,0.0,0.0,115.155,0.0,115.155
PROV DKI JAKARTA,2020,115.155,5,115.155,115.155,115.155,0.0,0.0,115.155,0.0,115.155
PROV DKI JAKARTA,2021,115.155,6,115.155,115.155,115.155,0.0,0.0,115.155,0.0,115.155
PROV DKI JAKARTA,2022,115.155,7,115.155,115.155,115.155,0.0,0.0,115.155,0.0,115.155
PROV DKI JAKARTA,2023,115.155,8,115.155,115.155,115.155,0.0,0.0,115.155,0.0,115.155
PROV DKI JAKARTA,2024,106.679,9,115.155,115.155,115.155,-8.475999999999999,-7.360514089705184,112.32966666666668,4.893620881651268,114.3074
PROV DKI JAKARTA,2025,106.679,10,106.679,115.155,115.155,0.0,0.0,109.50433333333335,4.893620881651268,113.61390909090909
PROV DKI JAKARTA,2026,108.9,11,106.679,106.679,115.155,2.2210000000000036,2.0819467749041642,107.41933333333334,1.2822949478701589,113.22108333333334
PROV GORONTALO,2018,115.155,3,115.155,115.155,115.155,0.0,0.0,115.155,0.0,115.155
PROV GORONTALO,2019,115.155,4,115.155,115.155,115.155,0.0,0.0,115.155,0.0,115.155
PROV GORONTALO,2020,115.155,5,115.155,115.155,115.155,0.0,0.0,115.155,0.0,115.155
PROV GORONTALO,2021,115.155,6,115.155,115.155,115.155,0.0,0.0,115.155,0.0,115.155
PROV GORONTALO,2022,115.155,7,115.155,115.155,115.155,0.0,0.0,115.155,0.0,115.155
PROV GORONTALO,2023,115.155,8,115.155,115.155,115.155,0.0,0.0,115.155,0.0,115.155
PROV GORONTALO,2024,106.679,9,115.155,115.155,115.155,-8.475999999999999,-7.360514089705184,112.32966666666668,4.893620881651268,114.3074
PROV GORONTALO,2025,106.679,10,106.679,115.155,115.155,0.0,0.0,109.50433333333335,4.893620881651268,113.61390909090909
PROV GORONTALO,2026,110.51,11,106.679,106.679,115.155,3.831000000000003,3.5911472735964844,107.956,2.211828881265458,113.35525
PROV JAMBI,2018,115.155,3,115.155,115.155,115.155,0.0,0.0,115.155,0.0,115.155
PROV JAMBI,2019,115.155,4,115.155,115.155,115.155,0.0,0.0,115.155,0.0,115.155
PROV JAMBI,2020,115.155,5,115.155,115.155,115.155,0.0,0.0,115.155,0.0,115.155
PROV JAMBI,2021,115.155,6,115.155,115.155,115.155,0.0,0.0,115.155,0.0,115.155
PROV JAMBI,2022,115.155,7,115.155,115.155,115.155,0.0,0.0,115.155,0.0,115.155
PROV JAMBI,2023,115.155,8,115.155,115.155,115.155,0.0,0.0,115.155,0.0,115.155
PROV JAMBI,2024,106.679,9,115.155,115.155,115.155,-8.475999999999999,-7.360514089705184,112.32966666666668,4.893620881651268,114.3074
PROV JAMBI,2025,106.679,10,106.679,115.155,115.155,0.0,0.0,109.50433333333335,4.893620881651268,113.61390909090909
PROV JAMBI,2026,110.62,11,106.679,106.679,115.155,3.9410000000000025,3.694260351146905,107.99266666666666,2.2753374108763187,113.36441666666667
PROV JAWA BARAT,2018,115.155,3,115.155,115.155,115.155,0.0,0.0,115.155,0.0,115.155
PROV JAWA BARAT,2019,115.155,4,115.155,115.155,115.155,0.0,0.0,115.155,0.0,115.155
PROV JAWA BARAT,2020,115.155,5,115.155,115.155,115.155,0.0,0.0,115.155,0.0,115.155
PROV JAWA BARAT,2021,115.155,6,115.155,115.155,115.155,0.0,0.0,115.155,0.0,115.155
PROV JAWA BARAT,2022,115.155,7,115.155,115.155,115.155,0.0,0.0,115.155,0.0,115.155
PROV JAWA BARAT,2023,115.155,8,115.155,115.155,115.155,0.0,0.0,115.155,0.0,115.155
PROV JAWA BARAT,2024,106.679,9,115.155,115.155,115.155,-8.475999999999999,-7.360514089705184,112.32966666666668,4.893620881651268,114.3074
PROV JAWA BARAT,2025,106.679,10,106.679,115.155,115.155,0.0,0.0,109.50433333333335,4.893620881651268,113.61390909090909
PROV JAWA BARAT,2026,110.94,11,106.679,106.679,115.155,4.260999999999996,3.9942256676571697,108.09933333333333,2.460089497016993,113.39108333333333
PROV JAWA TENGAH,2018,115.155,3,115.155,115.155,115.155,0.0,0.0,115.155,0.0,115.155
PROV JAWA TENGAH,2019,115.155,4,115.155,115.155,115.155,0.0,0.0,115.155,0.0,115.155
PROV JAWA TENGAH,2020,115.155,5,115.155,115.155,115.155,0.0,0.0,115.155,0.0,115.155
PROV JAWA TENGAH,2021,115.155,6,115.155,115.155,115.155,0.0,0.0,115.155,0.0,115.155
PROV JAWA TENGAH,2022,115.155,7,115.155,115.155,115.155,0.0,0.0,115.155,0.0,115.155
PROV JAWA TENGAH,2023,115.155,8,115.155,115.155,115.155,0.0,0.0,115.155,0.0,115.155
PROV JAWA TENGAH,2024,106.679,9,115.155,115.155,115.155,-8.475999999999999,-7.360514089705184,112.32966666666668,4.893620881651268,114.3074
PROV JAWA TENGAH,2025,106.679,10,106.679,115.155,115.155,0.0,0.0,109.50433333333335,4.893620881651268,113.61390909090909
PROV JAWA TENGAH,2026,110.43,11,106.679,106.679,115.155,3.7510000000000048,3.516155944468924,107.92933333333333,2.165640859730291,113.34858333333334
PROV JAWA TIMUR,2018,115.155,3,115.155,115.155,115.155,0.0,0.0,115.155,0.0,115.155
PROV JAWA TIMUR,2019,115.155,4,115.155,115.155,115.155,0.0,0.0,115.155,0.0,115.155
PROV JAWA TIMUR,2020,115.155,5,115.155,115.155,115.155,0.0,0.0,115.155,0.0,115.155
PROV JAWA TIMUR,2021,115.155,6,115.155,115.155,115.155,0.0,0.0,115.155,0.0,115.155
PROV JAWA TIMUR,2022,115.155,7,115.155,115.155,115.155,0.0,0.0,115.155,0.0,115.155
PROV JAWA TIMUR,2023,115.155,8,115.155,115.155,115.155,0.0,0.0,115.155,0.0,115.155
PROV JAWA TIMUR,2024,106.679,9,115.155,115.155,115.155,-8.475999999999999,-7.360514089705184,112.32966666666668,4.893620881651268,114.3074
PROV JAWA TIMUR,2025,106.679,10,106.679,115.155,115.155,0.0,0.0,109.50433333333335,4.893620881651268,113.61390909090909
PROV JAWA TIMUR,2026,111.07,11,106.679,106.679,115.155,4.390999999999991,4.116086577489475,108.14266666666667,2.5351450320116395,113.40191666666668
PROV KALIMANTAN BARAT,2018,115.155,3,115.155,115.155,115.155,0.0,0.0,115.155,0.0,115.155
PROV KALIMANTAN BARAT,2019,115.155,4,115.155,115.155,115.155,0.0,0.0,115.155,0.0,115.155
PROV KALIMANTAN BARAT,2020,115.155,5,115.155,115.155,115.155,0.0,0.0,115.155,0.0,115.155
PROV KALIMANTAN BARAT,2021,115.155,6,115.155,115.155,115.155,0.0,0.0,115.155,0.0,115.155
PROV KALIMANTAN BARAT,2022,115.155,7,115.155,115.155,115.155,0.0,0.0,115.155,0.0,115.155
PROV KALIMANTAN BARAT,2023,115.155,8,115.155,115.155,115.155,0.0,0.0,115.155,0.0,115.155
PROV KALIMANTAN BARAT,2024,106.679,9,115.155,115.155,115.155,-8.475999999999999,-7.360514089705184,112.32966666666668,4.893620881651268,114.3074
PROV KALIMANTAN BARAT,2025,106.679,10,106.679,115.155,115.155,0.0,0.0,109.50433333333335,4.893620881651268,113.61390909090909
PROV KALIMANTAN BARAT,2026,109.65,11,106.679,106.679,115.155,2.9710000000000036,2.784990485475114,107.66933333333334,1.7153076497623783,113.28358333333334
PROV KALIMANTAN SELATAN,2018,115.155,3,115.155,115.155,115.155,0.0,0.0,115.155,0.0,115.155
PROV KALIMANTAN SELATAN,2019,115.155,4,115.155,115.155,115.155,0.0,0.0,115.155,0.0,115.155
PROV KALIMANTAN SELATAN,2020,115.155,5,115.155,115.155,115.155,0.0,0.0,115.155,0.0,115.155
PROV KALIMANTAN SELATAN,2021,115.155,6,115.155,115.155,115.155,0.0,0.0,115.155,0.0,115.155
PROV KALIMANTAN SELATAN,2022,115.155,7,115.155,115.155,115.155,0.0,0.0,115.155,0.0,115.155
PROV KALIMANTAN SELATAN,2023,115.155,8,115.155,115.155,115.155,0.0,0.0,115.155,0.0,115.155
PROV KALIMANTAN SELATAN,2024,106.679,9,115.155,115.155,115.155,-8.475999999999999,-7.360514089705184,112.32966666666668,4.893620881651268,114.3074
PROV KALIMANTAN SELATAN,2025,106.679,10,106.679,115.155,115.155,0.0,0.0,109.50433333333335,4.893620881651268,113.61390909090909
PROV KALIMANTAN SELATAN,2026,112.24,11,106.679,106.679,115.155,5.560999999999993,5.212834765980179,108.53266666666667,3.2106448469635027,113.49941666666666
PROV KALIMANTAN TENGAH,2018,115.155,3,115.155,115.155,115.155,0.0,0.0,115.155,0.0,115.155
PROV KALIMANTAN TENGAH,2019,115.155,4,115.155,115.155,115.155,0.0,0.0,115.155,0.0,115.155
PROV KALIMANTAN TENGAH,2020,115.155,5,115.155,115.155,115.155,0.0,0.0,115.155,0.0,115.155
PROV KALIMANTAN TENGAH,2021,115.155,6,115.155,115.155,115.155,0.0,0.0,115.155,0.0,115.155
PROV KALIMANTAN TENGAH,2022,115.155,7,115.155,115.155,115.155,0.0,0.0,115.155,0.0,115.155
PROV KALIMANTAN TENGAH,2023,115.155,8,115.155,115.155,115.155,0.0,0.0,115.155,0.0,115.155
PROV KALIMANTAN TENGAH,2024,106.679,9,115.155,115.155,115.155,-8.475999999999999,-7.360514089705184,112.32966666666668,4.893620881651268,114.3074
PROV KALIMANTAN TENGAH,2025,106.679,10,106.679,115.155,115.155,0.0,0.0,109.50433333333335,4.893620881651268,113.61390909090909
PROV KALIMANTAN TENGAH,2026,110.91,11,106.679,106.679,115.155,4.2309999999999945,3.9661039192343317,108.08933333333334,2.4427689889413053,113.38858333333333
PROV KALIMANTAN TIMUR,2018,115.155,3,115.155,115.155,115.155,0.0,0.0,115.155,0.0,115.155
PROV KALIMANTAN TIMUR,2019,115.155,4,115.155,115.155,115.155,0.0,0.0,115.155,0.0,115.155
PROV KALIMANTAN TIMUR,2020,115.155,5,115.155,115.155,115.155,0.0,0.0,115.155,0.0,115.155
PROV KALIMANTAN TIMUR,2021,115.155,6,115.155,115.155,115.155,0.0,0.0,115.155,0.0,115.155
PROV KALIMANTAN TIMUR,2022,115.155,7,115.155,115.155,115.155,0.0,0.0,115.155,0.0,115.155
PROV KALIMANTAN TIMUR,2023,115.155,8,115.155,115.155,115.155,0.0,0.0,115.155,0.0,115.155
PROV KALIMANTAN TIMUR,2024,106.679,9,115.155,115.155,115.155,-8.475999999999999,-7.360514089705184,112.32966666666668,4.893620881651268,114.3074
PROV KALIMANTAN TIMUR,2025,106.679,10,106.679,115.155,115.155,0.0,0.0,109.50433333333335,4.893620881651268,113.61390909090909
PROV KALIMANTAN TIMUR,2026,110.5,11,106.679,106.679,115.155,3.820999999999998,3.5817733574555533,107.95266666666667,2.2060553785735566,113.35441666666667
PROV KALIMANTAN UTARA,2018,115.155,3,115.155,115.155,115.155,0.0,0.0,115.155,0.0,115.155
PROV KALIMANTAN UTARA,2019,115.155,4,115.155,115.155,115.155,0.0,0.0,115.155,0.0,115.155
PROV KALIMANTAN UTARA,2020,115.155,5,115.155,115.155,115.155,0.0,0.0,115.155,0.0,115.155
PROV KALIMANTAN UTARA,2021,115.155,6,115.155,115.155,115.155,0.0,0.0,115.155,0.0,115.155
PROV KALIMANTAN UTARA,2022,115.155,7,115.155,115.155,115.155,0.0,0.0,115.155,0.0,115.155
PROV KALIMANTAN UTARA,2023,115.155,8,115.155,115.155,115.155,0.0,0.0,115.155,0.0,115.155
PROV KALIMANTAN UTARA,2024,106.679,9,115.155,115.155,115.155,-8.475999999999999,-7.360514089705184,112.32966666666668,4.893620881651268,114.3074
PROV KALIMANTAN UTARA,2025,106.679,10,106.679,115.155,115.155,0.0,0.0,109.50433333333335,4.893620881651268,113.61390909090909
PROV KALIMANTAN UTARA,2026,109.06,11,106.679,106.679,115.155,2.3810000000000002,2.2319294331592854,107.47266666666667,1.374670990940499,113.23441666666668
PROV KEPULAUAN BANGKA BELITUNG,2018,115.155,3,115.155,115.155,115.155,0.0,0.0,115.155,0.0,115.155
PROV KEPULAUAN BANGKA BELITUNG,2019,115.155,4,115.155,115.155,115.155,0.0,0.0,115.155,0.0,115.155
PROV KEPULAUAN BANGKA BELITUNG,2020,115.155,5,115.155,115.155,115.155,0.0,0.0,115.155,0.0,115.155
PROV KEPULAUAN BANGKA BELITUNG,2021,115.155,6,115.155,115.155,115.155,0.0,0.0,115.155,0.0,115.155
PROV KEPULAUAN BANGKA BELITUNG,2022,115.155,7,115.155,115.155,115.155,0.0,0.0,115.155,0.0,115.155
PROV KEPULAUAN BANGKA BELITUNG,2023,115.155,8,115.155,115.155,115.155,0.0,0.0,115.155,0.0,115.155
PROV KEPULAUAN BANGKA BELITUNG,2024,106.679,9,115.155,115.155,115.155,-8.475999999999999,-7.360514089705184,112.32966666666668,4.893620881651268,114.3074
PROV KEPULAUAN BANGKA BELITUNG,2025,106.679,10,106.679,115.155,115.155,0.0,0.0,109.50433333333335,4.893620881651268,113.61390909090909
PROV KEPULAUAN BANGKA BELITUNG,2026,106.75,11,106.679,106.679,115.155,0.07099999999999795,0.06655480460071583,106.70266666666667,0.0409918691124602,113.04191666666667
PROV KEPULAUAN RIAU,2018,115.155,3,115.155,115.155,115.155,0.0,0.0,115.155,0.0,115.155
PROV KEPULAUAN RIAU,2019,115.155,4,115.155,115.155,115.155,0.0,0.0,115.155,0.0,115.155
PROV KEPULAUAN RIAU,2020,115.155,5,115.155,115.155,115.155,0.0,0.0,115.155,0.0,115.155
PROV KEPULAUAN RIAU,2021,115.155,6,115.155,115.155,115.155,0.0,0.0,115.155,0.0,115.155
PROV KEPULAUAN RIAU,2022,115.155,7,115.155,115.155,115.155,0.0,0.0,115.155,0.0,115.155
PROV KEPULAUAN RIAU,2023,115.155,8,115.155,115.155,115.155,0.0,0.0,115.155,0.0,115.155
PROV KEPULAUAN RIAU,2024,106.679,9,115.155,115.155,115.155,-8.475999999999999,-7.360514089705184,112.32966666666668,4.893620881651268,114.3074
PROV KEPULAUAN RIAU,2025,107.66,10,106.679,115.155,115.155,0.9809999999999945,0.9195811734268089,109.83133333333335,4.63644910824365,113.7030909090909
PROV KEPULAUAN RIAU,2026,111.47,11,107.66,106.679,115.155,3.8100000000000023,3.538918818502701,108.603,2.530880676760563,113.517
PROV LAMPUNG,2018,115.155,3,115.155,115.155,115.155,0.0,0.0,115.155,0.0,115.155
PROV LAMPUNG,2019,115.155,4,115.155,115.155,115.155,0.0,0.0,115.155,0.0,115.155
PROV LAMPUNG,2020,115.155,5,115.155,115.155,115.155,0.0,0.0,115.155,0.0,115.155
PROV LAMPUNG,2021,115.155,6,115.155,115.155,115.155,0.0,0.0,115.155,0.0,115.155
PROV LAMPUNG,2022,115.155,7,115.155,115.155,115.155,0.0,0.0,115.155,0.0,115.155
PROV LAMPUNG,2023,115.155,8,115.155,115.155,115.155,0.0,0.0,115.155,0.0,115.155
PROV LAMPUNG,2024,106.97,9,115.155,115.155,115.155,-8.185000000000002,-7.107811210976511,112.42666666666666,4.725611953317086,114.3365
PROV LAMPUNG,2025,106.95,10,106.97,115.155,115.155,-0.01999999999999602,-0.018696830887166005,109.69166666666666,4.731396023726327,113.665
PROV LAMPUNG,2026,110.11,11,106.95,106.97,115.155,3.1599999999999966,2.954651706404854,108.00999999999999,1.8186808406094614,113.36874999999999
PROV MALUKU,2018,115.155,3,115.155,115.155,115.155,0.0,0.0,115.155,0.0,115.155
PROV MALUKU,2019,115.155,4,115.155,115.155,115.155,0.0,0.0,115.155,0.0,115.155
PROV MALUKU,2020,115.155,5,115.155,115.155,115.155,0.0,0.0,115.155,0.0,115.155
PROV MALUKU,2021,115.155,6,115.155,115.155,115.155,0.0,0.0,115.155,0.0,115.155
PROV MALUKU,2022,115.155,7,115.155,115.155,115.155,0.0,0.0,115.155,0.0,115.155
PROV MALUKU,2023,115.155,8,115.155,115.155,115.155,0.0,0.0,115.155,0.0,115.155
PROV MALUKU,2024,106.679,9,115.155,115.155,115.155,-8.475999999999999,-7.360514089705184,112.32966666666668,4.893620881651268,114.3074
PROV MALUKU,2025,106.679,10,106.679,115.155,115.155,0.0,0.0,109.50433333333335,4.893620881651268,113.61390909090909
PROV MALUKU,2026,112.3,11,106.679,106.679,115.155,5.620999999999995,5.269078262825855,108.55266666666667,3.2452858631148835,113.50441666666667
PROV MALUKU UTARA,2018,115.155,3,115.155,115.155,115.155,0.0,0.0,115.155,0.0,115.155
PROV MALUKU UTARA,2019,115.155,4,115.155,115.155,115.155,0.0,0.0,115.155,0.0,115.155
PROV MALUKU UTARA,2020,115.155,5,115.155,115.155,115.155,0.0,0.0,115.155,0.0,115.155
PROV MALUKU UTARA,2021,115.155,6,115.155,115.155,115.155,0.0,0.0,115.155,0.0,115.155
PROV MALUKU UTARA,2022,115.155,7,115.155,115.155,115.155,0.0,0.0,115.155,0.0,115.155
PROV MALUKU UTARA,2023,115.155,8,115.155,115.155,115.155,0.0,0.0,115.155,0.0,115.155
PROV MALUKU UTARA,2024,106.679,9,115.155,115.155,115.155,-8.475999999999999,-7.360514089705184,112.32966666666668,4.893620881651268,114.3074
PROV MALUKU UTARA,2025,106.679,10,106.679,115.155,115.155,0.0,0.0,109.50433333333335,4.893620881651268,113.61390909090909
PROV MALUKU UTARA,2026,112.64,11,106.679,106.679,115.155,5.9609999999999985,5.587791411618026,108.666,3.4415849546393606,113.53275000000001
PROV NUSA TENGGARA BARAT,2018,115.155,3,115.155,115.155,115.155,0.0,0.0,115.155,0.0,115.155
PROV NUSA TENGGARA BARAT,2019,115.155,4,115.155,115.155,115.155,0.0,0.0,115.155,0.0,115.155
PROV NUSA TENGGARA BARAT,2020,115.155,5,115.155,115.155,115.155,0.0,0.0,115.155,0.0,115.155
PROV NUSA TENGGARA BARAT,2021,115.155,6,115.155,115.155,115.155,0.0,0.0,115.155,0.0,115.155
PROV NUSA TENGGARA BARAT,2022,115.155,7,115.155,115.155,115.155,0.0,0.0,115.155,0.0,115.155
PROV NUSA TENGGARA BARAT,2023,115.155,8,115.155,115.155,115.155,0.0,0.0,115.155,0.0,115.155
PROV NUSA TENGGARA BARAT,2024,106.679,9,115.155,115.155,115.155,-8.475999999999999,-7.360514089705184,112.32966666666668,4.893620881651268,114.3074
PROV NUSA TENGGARA BARAT,2025,106.679,10,106.679,115.155,115.155,0.0,0.0,109.50433333333335,4.893620881651268,113.61390909090909
PROV NUSA TENGGARA BARAT,2026,111.49,11,106.679,106.679,115.155,4.810999999999993,4.509791055409207,108.28266666666667,2.7776321450712835,113.43691666666666
PROV NUSA TENGGARA TIMUR,2018,115.155,3,115.155,115.155,115.155,0.0,0.0,115.155,0.0,115.155
PROV NUSA TENGGARA TIMUR,2019,115.155,4,115.155,115.155,115.155,0.0,0.0,115.155,0.0,115.155
PROV NUSA TENGGARA TIMUR,2020,115.155,5,115.155,115.155,115.155,0.0,0.0,115.155,0.0,115.155
PROV NUSA TENGGARA TIMUR,2021,115.155,6,115.155,115.155,115.155,0.0,0.0,115.155,0.0,115.155
PROV NUSA TENGGARA TIMUR,2022,115.155,7,115.155,115.155,115.155,0.0,0.0,115.155,0.0,115.155
PROV NUSA TENGGARA TIMUR,2023,115.155,8,115.155,115.155,115.155,0.0,0.0,115.155,0.0,115.155
PROV NUSA TENGGARA TIMUR,2024,106.679,9,115.155,115.155,115.155,-8.475999999999999,-7.360514089705184,112.32966666666668,4.893620881651268,114.3074
PROV NUSA TENGGARA TIMUR,2025,106.679,10,106.679,115.155,115.155,0.0,0.0,109.50433333333335,4.893620881651268,113.61390909090909
PROV NUSA TENGGARA TIMUR,2026,110.14,11,106.679,106.679,115.155,3.4609999999999985,3.244312376381475,107.83266666666667,1.9982092816652939,113.32441666666666
PROV PAPUA,2018,115.155,3,115.155,115.155,115.155,0.0,0.0,115.155,0.0,115.155
PROV PAPUA,2019,115.155,4,115.155,115.155,115.155,0.0,0.0,115.155,0.0,115.155
PROV PAPUA,2020,115.155,5,115.155,115.155,115.155,0.0,0.0,115.155,0.0,115.155
PROV PAPUA,2021,115.155,6,115.155,115.155,115.155,0.0,0.0,115.155,0.0,115.155
PROV PAPUA,2022,115.155,7,115.155,115.155,115.155,0.0,0.0,115.155,0.0,115.155
PROV PAPUA,2023,115.155,8,115.155,115.155,115.155,0.0,0.0,115.155,0.0,115.155
PROV PAPUA,2024,106.679,9,115.155,115.155,115.155,-8.475999999999999,-7.360514089705184,112.32966666666668,4.893620881651268,114.3074
PROV PAPUA,2025,106.679,10,106.679,115.155,115.155,0.0,0.0,109.50433333333335,4.893620881651268,113.61390909090909
PROV PAPUA,2026,108.02,11,106.679,106.679,115.155,1.340999999999994,1.257042154500887,107.12599999999999,0.7742267109832826,113.14774999999999
PROV PAPUA BARAT,2018,115.155,3,115.155,115.155,115.155,0.0,0.0,115.155,0.0,115.155
PROV PAPUA BARAT,2019,115.155,4,115.155,115.155,115.155,0.0,0.0,115.155,0.0,115.155
PROV PAPUA BARAT,2020,115.155,5,115.155,115.155,115.155,0.0,0.0,115.155,0.0,115.155
PROV PAPUA BARAT,2021,115.155,6,115.155,115.155,115.155,0.0,0.0,115.155,0.0,115.155
PROV PAPUA BARAT,2022,115.155,7,115.155,115.155,115.155,0.0,0.0,115.155,0.0,115.155
PROV PAPUA BARAT,2023,115.155,8,115.155,115.155,115.155,0.0,0.0,115.155,0.0,115.155
PROV PAPUA BARAT,2024,106.679,9,115.155,115.155,115.155,-8.475999999999999,-7.360514089705184,112.32966666666668,4.893620881651268,114.3074
PROV PAPUA BARAT,2025,106.679,10,106.679,115.155,115.155,0.0,0.0,109.50433333333335,4.893620881651268,113.61390909090909
PROV PAPUA BARAT,2026,110.04,11,106.679,106.679,115.155,3.361000000000004,3.15057321497203,107.79933333333334,1.9404742547463345,113.31608333333334
PROV PAPUA BARAT DAYA,2018,115.155,3,115.155,115.155,115.155,0.0,0.0,115.155,0.0,115.155
PROV PAPUA BARAT DAYA,2019,115.155,4,115.155,115.155,115.155,0.0,0.0,115.155,0.0,115.155
PROV PAPUA BARAT DAYA,2020,115.155,5,115.155,115.155,115.155,0.0,0.0,115.155,0.0,115.155
PROV PAPUA BARAT DAYA,2021,115.155,6,115.155,115.155,115.155,0.0,0.0,115.155,0.0,115.155
PROV PAPUA BARAT DAYA,2022,115.155,7,115.155,115.155,115.155,0.0,0.0,115.155,0.0,115.155
PROV PAPUA BARAT DAYA,2023,115.155,8,115.155,115.155,115.155,0.0,0.0,115.155,0.0,115.155
PROV PAPUA BARAT DAYA,2024,106.679,9,115.155,115.155,115.155,-8.475999999999999,-7.360514089705184,112.32966666666668,4.893620881651268,114.3074
PROV PAPUA BARAT DAYA,2025,106.679,10,106.679,115.155,115.155,0.0,0.0,109.50433333333335,4.893620881651268,113.61390909090909
PROV PAPUA BARAT DAYA,2026,107.21,11,106.679,106.679,115.155,0.5309999999999917,0.49775494708423906,106.856,0.30657299293968854,113.08024999999999
PROV PAPUA PEGUNUNGAN,2018,115.155,3,115.155,115.155,115.155,0.0,0.0,115.155,0.0,115.155
PROV PAPUA PEGUNUNGAN,2019,115.155,4,115.155,115.155,115.155,0.0,0.0,115.155,0.0,115.155
PROV PAPUA PEGUNUNGAN,2020,115.155,5,115.155,115.155,115.155,0.0,0.0,115.155,0.0,115.155
PROV PAPUA PEGUNUNGAN,2021,115.155,6,115.155,115.155,115.155,0.0,0.0,115.155,0.0,115.155
PROV PAPUA PEGUNUNGAN,2022,115.155,7,115.155,115.155,115.155,0.0,0.0,115.155,0.0,115.155
PROV PAPUA PEGUNUNGAN,2023,115.155,8,115.155,115.155,115.155,0.0,0.0,115.155,0.0,115.155
PROV PAPUA PEGUNUNGAN,2024,106.679,9,115.155,115.155,115.155,-8.475999999999999,-7.360514089705184,112.32966666666668,4.893620881651268,114.3074
PROV PAPUA PEGUNUNGAN,2025,115.17,10,106.679,115.155,115.155,8.491,7.959392195277415,112.33466666666668,4.897956750863909,114.38581818181818
PROV PAPUA PEGUNUNGAN,2026,115.9,11,115.17,106.679,115.155,0.730000000000004,0.6338456195189801,112.58300000000001,5.126025458383915,114.512
PROV PAPUA SELATAN,2018,115.155,3,115.155,115.155,115.155,0.0,0.0,115.155,0.0,115.155
PROV PAPUA SELATAN,2019,115.155,4,115.155,115.155,115.155,0.0,0.0,115.155,0.0,115.155
PROV PAPUA SELATAN,2020,115.155,5,115.155,115.155,115.155,0.0,0.0,115.155,0.0,115.155
PROV PAPUA SELATAN,2021,115.155,6,115.155,115.155,115.155,0.0,0.0,115.155,0.0,115.155
PROV PAPUA SELATAN,2022,115.155,7,115.155,115.155,115.155,0.0,0.0,115.155,0.0,115.155
PROV PAPUA SELATAN,2023,115.155,8,115.155,115.155,115.155,0.0,0.0,115.155,0.0,115.155
PROV PAPUA SELATAN,2024,106.7,9,115.155,115.155,115.155,-8.454999999999998,-7.3422777994876505,112.33666666666666,4.881496525998287,114.3095
PROV PAPUA SELATAN,2025,107.03,10,106.7,115.155,115.155,0.3299999999999983,0.3092783505154628,109.62833333333333,4.789076981353859,113.64772727272727
PROV PAPUA SELATAN,2026,112.92,11,107.03,106.7,115.155,5.890000000000001,5.503129963561615,108.88333333333333,3.4997476099475273,113.58708333333334
PROV PAPUA TENGAH,2018,115.155,3,115.155,115.155,115.155,0.0,0.0,115.155,0.0,115.155
PROV PAPUA TENGAH,2019,115.155,4,115.155,115.155,115.155,0.0,0.0,115.155,0.0,115.155
PROV PAPUA TENGAH,2020,115.155,5,115.155,115.155,115.155,0.0,0.0,115.155,0.0,115.155
PROV PAPUA TENGAH,2021,115.155,6,115.155,115.155,115.155,0.0,0.0,115.155,0.0,115.155
PROV PAPUA TENGAH,2022,115.155,7,115.155,115.155,115.155,0.0,0.0,115.155,0.0,115.155
PROV PAPUA TENGAH,2023,115.155,8,115.155,115.155,115.155,0.0,0.0,115.155,0.0,115.155
PROV PAPUA TENGAH,2024,106.679,9,115.155,115.155,115.155,-8.475999999999999,-7.360514089705184,112.32966666666668,4.893620881651268,114.3074
PROV PAPUA TENGAH,2025,108.56,10,106.679,115.155,115.155,1.8810000000000002,1.7632336261119708,110.13133333333333,4.451118997885062,113.7849090909091
PROV PAPUA TENGAH,2026,113.91,11,108.56,106.679,115.155,5.349999999999994,4.928150331613845,109.71633333333334,3.751622360170771,113.79533333333335
PROV RIAU,2018,115.155,3,115.155,115.155,115.155,0.0,0.0,115.155,0.0,115.155
PROV RIAU,2019,115.155,4,115.155,115.155,115.155,0.0,0.0,115.155,0.0,115.155
PROV RIAU,2020,115.155,5,115.155,115.155,115.155,0.0,0.0,115.155,0.0,115.155
PROV RIAU,2021,115.155,6,115.155,115.155,115.155,0.0,0.0,115.155,0.0,115.155
PROV RIAU,2022,115.155,7,115.155,115.155,115.155,0.0,0.0,115.155,0.0,115.155
PROV RIAU,2023,115.155,8,115.155,115.155,115.155,0.0,0.0,115.155,0.0,115.155
PROV RIAU,2024,106.679,9,115.155,115.155,115.155,-8.475999999999999,-7.360514089705184,112.32966666666668,4.893620881651268,114.3074
PROV RIAU,2025,106.679,10,106.679,115.155,115.155,0.0,0.0,109.50433333333335,4.893620881651268,113.61390909090909
PROV RIAU,2026,112.06,11,106.679,106.679,115.155,5.381,5.044104275443151,108.47266666666667,3.1067217985093762,113.48441666666668
PROV SULAWESI BARAT,2018,115.155,3,115.155,115.155,115.155,0.0,0.0,115.155,0.0,115.155
PROV SULAWESI BARAT,2019,115.155,4,115.155,115.155,115.155,0.0,0.0,115.155,0.0,115.155
PROV SULAWESI BARAT,2020,115.155,5,115.155,115.155,115.155,0.0,0.0,115.155,0.0,115.155
PROV SULAWESI BARAT,2021,115.155,6,115.155,115.155,115.155,0.0,0.0,115.155,0.0,115.155
PROV SULAWESI BARAT,2022,115.155,7,115.155,115.155,115.155,0.0,0.0,115.155,0.0,115.155
PROV SULAWESI BARAT,2023,115.155,8,115.155,115.155,115.155,0.0,0.0,115.155,0.0,115.155
PROV SULAWESI BARAT,2024,106.679,9,115.155,115.155,115.155,-8.475999999999999,-7.360514089705184,112.32966666666668,4.893620881651268,114.3074
PROV SULAWESI BARAT,2025,106.679,10,106.679,115.155,115.155,0.0,0.0,109.50433333333335,4.893620881651268,113.61390909090909
PROV SULAWESI BARAT,2026,110.53,11,106.679,106.679,115.155,3.850999999999999,3.6098951058783912,107.96266666666668,2.2233758866492503,113.35691666666666
PROV SULAWESI SELATAN,2018,115.155,3,115.155,115.155,115.155,0.0,0.0,115.155,0.0,115.155
PROV SULAWESI SELATAN,2019,115.155,4,115.155,115.155,115.155,0.0,0.0,115.155,0.0,115.155
PROV SULAWESI SELATAN,2020,115.155,5,115.155,115.155,115.155,0.0,0.0,115.155,0.0,115.155
PROV SULAWESI SELATAN,2021,115.155,6,115.155,115.155,115.155,0.0,0.0,115.155,0.0,115.155
PROV SULAWESI SELATAN,2022,115.155,7,115.155,115.155,115.155,0.0,0.0,115.155,0.0,115.155
PROV SULAWESI SELATAN,2023,115.155,8,115.155,115.155,115.155,0.0,0.0,115.155,0.0,115.155
PROV SULAWESI SELATAN,2024,106.679,9,115.155,115.155,115.155,-8.475999999999999,-7.360514089705184,112.32966666666668,4.893620881651268,114.3074
PROV SULAWESI SELATAN,2025,106.679,10,106.679,115.155,115.155,0.0,0.0,109.50433333333335,4.893620881651268,113.61390909090909
PROV SULAWESI SELATAN,2026,110.93,11,106.679,106.679,115.155,4.251000000000005,3.9848517515162385,108.096,2.454315994325102,113.39025
PROV SULAWESI TENGAH,2018,115.155,3,115.155,115.155,115.155,0.0,0.0,115.155,0.0,115.155
PROV SULAWESI TENGAH,2019,115.155,4,115.155,115.155,115.155,0.0,0.0,115.155,0.0,115.155
PROV SULAWESI TENGAH,2020,115.155,5,115.155,115.155,115.155,0.0,0.0,115.155,0.0,115.155
PROV SULAWESI TENGAH,2021,115.155,6,115.155,115.155,115.155,0.0,0.0,115.155,0.0,115.155
PROV SULAWESI TENGAH,2022,115.155,7,115.155,115.155,115.155,0.0,0.0,115.155,0.0,115.155
PROV SULAWESI TENGAH,2023,115.155,8,115.155,115.155,115.155,0.0,0.0,115.155,0.0,115.155
PROV SULAWESI TENGAH,2024,106.679,9,115.155,115.155,115.155,-8.475999999999999,-7.360514089705184,112.32966666666668,4.893620881651268,114.3074
PROV SULAWESI TENGAH,2025,106.679,10,106.679,115.155,115.155,0.0,0.0,109.50433333333335,4.893620881651268,113.61390909090909
PROV SULAWESI TENGAH,2026,111.61,11,106.679,106.679,115.155,4.930999999999997,4.622278049100581,108.32266666666668,2.846914177374045,113.44691666666667
PROV SULAWESI TENGGARA,2018,115.155,3,115.155,115.155,115.155,0.0,0.0,115.155,0.0,115.155
PROV SULAWESI TENGGARA,2019,115.155,4,115.155,115.155,115.155,0.0,0.0,115.155,0.0,115.155
PROV SULAWESI TENGGARA,2020,115.155,5,115.155,115.155,115.155,0.0,0.0,115.155,0.0,115.155
PROV SULAWESI TENGGARA,2021,115.155,6,115.155,115.155,115.155,0.0,0.0,115.155,0.0,115.155
PROV SULAWESI TENGGARA,2022,115.155,7,115.155,115.155,115.155,0.0,0.0,115.155,0.0,115.155
PROV SULAWESI TENGGARA,2023,115.155,8,115.155,115.155,115.155,0.0,0.0,115.155,0.0,115.155
PROV SULAWESI TENGGARA,2024,106.679,9,115.155,115.155,115.155,-8.475999999999999,-7.360514089705184,112.32966666666668,4.893620881651268,114.3074
PROV SULAWESI TENGGARA,2025,106.679,10,106.679,115.155,115.155,0.0,0.0,109.50433333333335,4.893620881651268,113.61390909090909
PROV SULAWESI TENGGARA,2026,111.09,11,106.679,106.679,115.155,4.411000000000001,4.134834409771382,108.14933333333333,2.546692037395442,113.40358333333334
PROV SULAWESI UTARA,2018,115.155,3,115.155,115.155,115.155,0.0,0.0,115.155,0.0,115.155
PROV SULAWESI UTARA,2019,115.155,4,115.155,115.155,115.155,0.0,0.0,115.155,0.0,115.155
PROV SULAWESI UTARA,2020,115.155,5,115.155,115.155,115.155,0.0,0.0,115.155,0.0,115.155
PROV SULAWESI UTARA,2021,115.155,6,115.155,115.155,115.155,0.0,0.0,115.155,0.0,115.155
PROV SULAWESI UTARA,2022,115.155,7,115.155,115.155,115.155,0.0,0.0,115.155,0.0,115.155
PROV SULAWESI UTARA,2023,115.155,8,115.155,115.155,115.155,0.0,0.0,115.155,0.0,115.155
PROV SULAWESI UTARA,2024,106.679,9,115.155,115.155,115.155,-8.475999999999999,-7.360514089705184,112.32966666666668,4.893620881651268,114.3074
PROV SULAWESI UTARA,2025,106.679,10,106.679,115.155,115.155,0.0,0.0,109.50433333333335,4.893620881651268,113.61390909090909
PROV SULAWESI UTARA,2026,110.44,11,106.679,106.679,115.155,3.7609999999999957,3.525529860609855,107.93266666666666,2.171414362422182,113.34941666666667
PROV SUMATERA BARAT,2018,115.155,3,115.155,115.155,115.155,0.0,0.0,115.155,0.0,115.155
PROV SUMATERA BARAT,2019,115.155,4,115.155,115.155,115.155,0.0,0.0,115.155,0.0,115.155
PROV SUMATERA BARAT,2020,115.155,5,115.155,115.155,115.155,0.0,0.0,115.155,0.0,115.155
PROV SUMATERA BARAT,2021,115.155,6,115.155,115.155,115.155,0.0,0.0,115.155,0.0,115.155
PROV SUMATERA BARAT,2022,115.155,7,115.155,115.155,115.155,0.0,0.0,115.155,0.0,115.155
PROV SUMATERA BARAT,2023,115.155,8,115.155,115.155,115.155,0.0,0.0,115.155,0.0,115.155
PROV SUMATERA BARAT,2024,106.86,9,115.155,115.155,115.155,-8.295000000000002,-7.203334635925495,112.39,4.789120482927947,114.3255
PROV SUMATERA BARAT,2025,106.76,10,106.86,115.155,115.155,-0.09999999999999432,-0.09358038555118409,109.59166666666665,4.818247433801352,113.63772727272728
PROV SUMATERA BARAT,2026,111.45,11,106.76,106.86,115.155,4.689999999999998,4.393031097789435,108.35666666666667,2.67937181692525,113.45541666666666
PROV SUMATERA SELATAN,2018,115.155,3,115.155,115.155,115.155,0.0,0.0,115.155,0.0,115.155
PROV SUMATERA SELATAN,2019,115.155,4,115.155,115.155,115.155,0.0,0.0,115.155,0.0,115.155
PROV SUMATERA SELATAN,2020,115.155,5,115.155,115.155,115.155,0.0,0.0,115.155,0.0,115.155
PROV SUMATERA SELATAN,2021,115.155,6,115.155,115.155,115.155,0.0,0.0,115.155,0.0,115.155
PROV SUMATERA SELATAN,2022,115.155,7,115.155,115.155,115.155,0.0,0.0,115.155,0.0,115.155
PROV SUMATERA SELATAN,2023,115.155,8,115.155,115.155,115.155,0.0,0.0,115.155,0.0,115.155
PROV SUMATERA SELATAN,2024,106.679,9,115.155,115.155,115.155,-8.475999999999999,-7.360514089705184,112.32966666666668,4.893620881651268,114.3074
PROV SUMATERA SELATAN,2025,106.679,10,106.679,115.155,115.155,0.0,0.0,109.50433333333335,4.893620881651268,113.61390909090909
PROV SUMATERA SELATAN,2026,110.82,11,106.679,106.679,115.155,4.140999999999991,3.8817386739658177,108.05933333333333,2.3908074647142374,113.38108333333334
PROV SUMATERA UTARA,2018,115.155,3,115.155,115.155,115.155,0.0,0.0,115.155,0.0,115.155
PROV SUMATERA UTARA,2019,115.155,4,115.155,115.155,115.155,0.0,0.0,115.155,0.0,115.155
PROV SUMATERA UTARA,2020,115.155,5,115.155,115.155,115.155,0.0,0.0,115.155,0.0,115.155
PROV SUMATERA UTARA,2021,115.155,6,115.155,115.155,115.155,0.0,0.0,115.155,0.0,115.155
PROV SUMATERA UTARA,2022,115.155,7,115.155,115.155,115.155,0.0,0.0,115.155,0.0,115.155
PROV SUMATERA UTARA,2023,115.155,8,115.155,115.155,115.155,0.0,0.0,115.155,0.0,115.155
PROV SUMATERA UTARA,2024,106.679,9,115.155,115.155,115.155,-8.475999999999999,-7.360514089705184,112.32966666666668,4.893620881651268,114.3074
PROV SUMATERA UTARA,2025,106.679,10,106.679,115.155,115.155,0.0,0.0,109.50433333333335,4.893620881651268,113.61390909090909
PROV SUMATERA UTARA,2026,111.66,11,106.679,106.679,115.155,4.9809999999999945,4.669147629805304,108.33933333333334,2.875781690833525,113.45108333333333
PURWOKERTO,2018,126.594,3,125.23,120.65,116.42,1.36399999999999,1.0891958795815615,124.158,3.1136268241393434,122.2235
PURWOKERTO,2019,126.594,4,126.594,125.23,120.65,0.0,0.0,126.13933333333334,0.7875057671746865,123.09760000000001
PURWOKERTO,2020,106.679,5,126.594,126.594,125.23,-19.914999999999992,-15.731393272982919,119.95566666666666,11.497930610911403,120.36116666666668
PURWOKERTO,2021,106.679,6,106.679,126.594,126.594,0.0,0.0,113.31733333333334,11.49793061091141,118.40657142857143
PURWOKERTO,2022,107.9,7,106.679,106.679,126.594,1.2210000000000036,1.144555160809535,107.08600000000001,0.7049446786808597,117.09325
PURWOKERTO,2023,114.88,8,107.9,106.679,106.679,6.97999999999999,6.468952734012956,109.81966666666666,4.424696637435585,116.84733333333332
PURWOKERTO,2024,115.155,9,114.88,107.9,106.679,0.2750000000000057,0.2393802228412234,112.645,4.11159032492301,116.6781
PURWOKERTO,2025,115.155,10,115.155,114.88,107.9,0.0,0.0,115.06333333333333,0.15877132402901206,116.53963636363636
PURWOKERTO,2026,115.155,11,115.155,115.155,114.88,0.0,0.0,115.155,0.0,116.42424999999999
SAMPIT,2018,126.594,3,126.594,124.26,117.11,0.0,0.0,125.81599999999999,1.3475355282885597,123.6395
SAMPIT,2019,126.594,4,126.594,126.594,124.26,0.0,0.0,126.594,0.0,124.2304
SAMPIT,2020,106.679,5,126.594,126.594,126.594,-19.914999999999992,-15.731393272982919,119.95566666666666,11.497930610911387,121.30516666666666
SAMPIT,2021,106.679,6,106.679,126.594,126.594,0.0,0.0,113.31733333333334,11.49793061091138,119.21571428571428
SAMPIT,2022,110.98,7,106.679,106.679,126.594,4.301000000000002,4.031721332220961,108.11266666666667,2.4831835077845,118.18625
SAMPIT,2023,117.23,8,110.98,106.679,106.679,6.25,5.631645341502978,111.62966666666667,5.305417074399817,118.08
SAMPIT,2024,115.155,9,117.23,110.98,106.679,-2.075000000000003,-1.7700247376951306,114.455,3.1832569798870973,117.7875
SAMPIT,2025,115.155,10,115.155,117.23,110.98,0.0,0.0,115.84666666666665,1.1980018085684816,117.54818181818182
SAMPIT,2026,115.155,11,115.155,115.155,117.23,0.0,0.0,115.155,0.0,117.34875
SINGARAJA,2018,126.594,3,126.594,126.594,125.24,0.0,0.0,126.594,0.0,126.2555
SINGARAJA,2019,126.594,4,126.594,126.594,126.594,0.0,0.0,126.594,0.0,126.3232
SINGARAJA,2020,106.679,5,126.594,126.594,126.594,-19.914999999999992,-15.731393272982919,119.95566666666666,11.49793061091141,123.04916666666666
SINGARAJA,2021,107.44,6,106.679,126.594,126.594,0.7609999999999957,0.7133550183260118,113.57099999999998,11.284665568815093,120.81928571428571
SINGARAJA,2022,108.51,7,107.44,106.679,126.594,1.0700000000000074,0.9959046909903346,107.543,0.9198353113473352,119.280625
SINGARAJA,2023,115.18,8,108.51,107.44,106.679,6.670000000000002,6.146898903326892,110.37666666666667,4.194071212239309,118.82499999999999
SINGARAJA,2024,115.155,9,115.18,108.51,107.44,-0.025000000000005684,-0.021705157145346377,112.94833333333334,3.843729742494159,118.458
SINGARAJA,2025,115.155,10,115.155,115.18,108.51,0.0,0.0,115.16333333333334,0.014433756753994588,118.15772727272726
SINGARAJA,2026,115.155,11,115.155,115.155,115.18,0.0,0.0,115.155,0.0,117.90749999999998
SINTANG,2018,115.155,3,115.155,115.155,115.155,0.0,0.0,115.155,0.0,115.155
SINTANG,2019,115.155,4,115.155,115.155,115.155,0.0,0.0,115.155,0.0,115.155
SINTANG,2020,109.73,5,115.155,115.155,115.155,-5.424999999999997,-4.7110416395293235,113.34666666666668,3.132125210353716,114.25083333333333
SINTANG,2021,111.64,6,109.73,115.155,115.155,1.9099999999999966,1.7406361068076137,112.175,2.7517857838138426,113.87785714285714
SINTANG,2022,115.72,7,111.64,109.73,115.155,4.079999999999998,3.654604084557511,112.36333333333334,3.059809362253356,114.108125
SINTANG,2023,121.95,8,115.72,111.64,109.73,6.230000000000004,5.383684756308327,116.43666666666667,5.192228166532491,114.97944444444445
SINTANG,2024,115.155,9,121.95,115.72,111.64,-6.795000000000002,-5.571955719557198,117.60833333333333,3.7705912445309346,114.997
SINTANG,2025,115.155,10,115.155,121.95,115.72,0.0,0.0,117.42,3.923095079143508,115.01136363636364
SINTANG,2026,115.155,11,115.155,115.155,121.95,0.0,0.0,115.155,0.0,115.02333333333333
SUMENEP,2018,126.594,3,124.63,121.13,116.32,1.9639999999999986,1.5758645590949305,124.118,2.7677485434916225,122.1685
SUMENEP,2019,126.594,4,126.594,124.63,121.13,0.0,0.0,125.93933333333332,1.133915928688426,123.0536
SUMENEP,2020,106.679,5,126.594,126.594,124.63,-19.914999999999992,-15.731393272982919,119.95566666666666,11.497930610911391,120.3245
SUMENEP,2021,106.679,6,106.679,126.594,126.594,0.0,0.0,113.31733333333334,11.497930610911384,118.37514285714285
SUMENEP,2022,108.24,7,106.679,106.679,126.594,1.5609999999999928,1.4632683096017063,107.19933333333334,0.9012437702047871,117.10825
SUMENEP,2023,115.69,8,108.24,106.679,106.679,7.450000000000003,6.882852919438287,110.20299999999999,4.815553654565554,116.95066666666668
SUMENEP,2024,115.155,9,115.69,108.24,106.679,-0.5349999999999966,-0.46244273489497445,113.02833333333332,4.155437201226019,116.7711
SUMENEP,2025,115.155,10,115.155,115.69,108.24,0.0,0.0,115.33333333333333,0.3088823940161939,116.62418181818181
SUMENEP,2026,115.155,11,115.155,115.155,115.69,0.0,0.0,115.155,0.0,116.50175
TANJUNG,2018,126.594,3,126.594,124.16,116.49,0.0,0.0,125.78266666666666,1.4052705552075626,123.45949999999999
TANJUNG,2019,126.594,4,126.594,126.594,124.16,0.0,0.0,126.594,0.0,124.0864
TANJUNG,2020,106.679,5,126.594,126.594,126.594,-19.914999999999992,-15.731393272982919,119.95566666666667,11.497930610911393,121.18516666666666
TANJUNG,2021,107.16,6,106.679,126.594,126.594,0.48099999999999454,0.4508853663795165,113.47766666666666,11.361623578227412,119.18157142857142
TANJUNG,2022,110.11,7,107.16,106.679,126.594,2.950000000000003,2.7528928704740663,107.983,1.8576697768978088,118.047625
TANJUNG,2023,115.33,8,110.11,107.16,106.679,5.219999999999999,4.740713831622911,110.86666666666666,4.1372253181731695,117.74566666666666
TANJUNG,2024,115.155,9,115.33,110.11,107.16,-0.17499999999999716,-0.15173848955172264,113.53166666666668,2.964541842061472,117.4866
TANJUNG,2025,115.155,10,115.155,115.33,110.11,0.0,0.0,115.21333333333332,0.10103629710800387,117.27463636363636
TANJUNG,2026,115.155,11,115.155,115.155,115.33,0.0,0.0,115.155,0.0,117.098
TANJUNG PANDAN,2018,126.594,3,126.594,126.594,126.08,0.0,0.0,126.594,0.0,126.46549999999999
TANJUNG PANDAN,2019,126.594,4,126.594,126.594,126.594,0.0,0.0,126.594,0.0,126.4912
TANJUNG PANDAN,2020,106.679,5,126.594,126.594,126.594,-19.914999999999992,-15.731393272982919,119.95566666666667,11.497930610911391,123.18916666666667
TANJUNG PANDAN,2021,108.04,6,106.679,126.594,126.594,1.3610000000000042,1.2757899867827716,113.771,11.125874212842767,121.02499999999999
TANJUNG PANDAN,2022,109.2,7,108.04,106.679,126.594,1.1599999999999966,1.0736764161421553,107.97300000000001,1.2618347752378423,119.546875
TANJUNG PANDAN,2023,117.21,8,109.2,108.04,106.679,8.009999999999991,7.335164835164831,111.48333333333333,4.993238761899232,119.28722222222223
TANJUNG PANDAN,2024,115.155,9,117.21,109.2,108.04,-2.0549999999999926,-1.75326337343229,113.855,4.1602313637584825,118.874
TANJUNG PANDAN,2025,115.155,10,115.155,117.21,109.2,0.0,0.0,115.83999999999999,1.1864548031846185,118.53590909090909
TANJUNG PANDAN,2026,115.155,11,115.155,115.155,117.21,0.0,0.0,115.155,0.0,118.25416666666666
TANJUNG SELOR,2018,115.155,3,115.155,115.155,115.155,0.0,0.0,115.155,0.0,115.155
TANJUNG SELOR,2019,115.155,4,115.155,115.155,115.155,0.0,0.0,115.155,0.0,115.155
TANJUNG SELOR,2020,106.679,5,115.155,115.155,115.155,-8.475999999999999,-7.360514089705184,112.32966666666668,4.893620881651268,113.74233333333332
TANJUNG SELOR,2021,106.679,6,106.679,115.155,115.155,0.0,0.0,109.50433333333335,4.893620881651268,112.73328571428571
TANJUNG SELOR,2022,106.679,7,106.679,106.679,115.155,0.0,0.0,106.679,0.0,111.9765
TANJUNG SELOR,2023,113.47,8,106.679,106.679,106.679,6.790999999999997,6.3658264513165586,108.94266666666665,3.9207856780667467,112.14244444444445
TANJUNG SELOR,2024,115.155,9,113.47,106.679,106.679,1.6850000000000023,1.4849740019388324,111.76799999999999,4.487008691767823,112.44369999999999
TANJUNG SELOR,2025,115.155,10,115.155,113.47,106.679,0.0,0.0,114.59333333333332,0.9728352035845196,112.69018181818183
TANJUNG SELOR,2026,115.155,11,115.155,115.155,113.47,0.0,0.0,115.155,0.0,112.89558333333333
TEMBILAHAN,2018,126.594,3,126.594,126.594,122.65,0.0,0.0,126.594,0.0,125.608
TEMBILAHAN,2019,126.594,4,126.594,126.594,126.594,0.0,0.0,126.594,0.0,125.80519999999999
TEMBILAHAN,2020,106.679,5,126.594,126.594,126.594,-19.914999999999992,-15.731393272982919,119.95566666666666,11.497930610911391,122.61749999999999
TEMBILAHAN,2021,106.679,6,106.679,126.594,126.594,0.0,0.0,113.31733333333334,11.497930610911384,120.34057142857144
TEMBILAHAN,2022,108.04,7,106.679,106.679,126.594,1.3610000000000042,1.2757899867827716,107.13266666666668,0.7857737163668541,118.803
TEMBILAHAN,2023,113.34,8,108.04,106.679,106.679,5.299999999999997,4.90559052202888,109.35300000000001,3.5192622806491256,118.19599999999998
TEMBILAHAN,2024,115.155,9,113.34,108.04,106.679,1.8149999999999977,1.6013763896241429,112.17833333333334,3.6970134342916663,117.8919
TEMBILAHAN,2025,115.155,10,115.155,113.34,108.04,0.0,0.0,114.55,1.047890738579079,117.64309090909092
TEMBILAHAN,2026,115.155,11,115.155,115.155,113.34,0.0,0.0,115.155,0.0,117.43575
TIMIKA,2018,115.155,3,115.155,115.155,115.155,0.0,0.0,115.155,0.0,115.155
TIMIKA,2019,115.155,4,115.155,115.155,115.155,0.0,0.0,115.155,0.0,115.155
TIMIKA,2020,106.679,5,115.155,115.155,115.155,-8.475999999999999,-7.360514089705184,112.32966666666668,4.893620881651268,113.74233333333332
TIMIKA,2021,107.22,6,106.679,115.155,115.155,0.5409999999999968,0.5071288632251925,109.68466666666666,4.745163888985642,112.81057142857142
TIMIKA,2022,108.68,7,107.22,106.679,115.155,1.460000000000008,1.361686252564831,107.52633333333334,1.0350750375375506,112.29425
TIMIKA,2023,114.52,8,108.68,107.22,106.679,5.839999999999989,5.373573794626418,110.14,3.862796914154291,112.54155555555556
TIMIKA,2024,115.155,9,114.52,108.68,107.22,0.6350000000000051,0.554488298987077,112.78500000000001,3.5691840804306803,112.8029
TIMIKA,2025,115.155,10,115.155,114.52,108.68,0.0,0.0,114.94333333333333,0.36661742093512384,113.01672727272727
TIMIKA,2026,115.155,11,115.155,115.155,114.52,0.0,0.0,115.155,0.0,113.19491666666666
WAINGAPU,2018,115.155,3,115.155,115.155,115.155,0.0,0.0,115.155,0.0,115.155
WAINGAPU,2019,115.155,4,115.155,115.155,115.155,0.0,0.0,115.155,0.0,115.155
WAINGAPU,2020,106.679,5,115.155,115.155,115.155,-8.475999999999999,-7.360514089705184,112.32966666666668,4.893620881651268,113.74233333333332
WAINGAPU,2021,106.85,6,106.679,115.155,115.155,0.17099999999999227,0.1602939660101832,109.56133333333332,4.845011902290165,112.75771428571429
WAINGAPU,2022,108.85,7,106.85,106.679,115.155,2.0,1.8717828731867003,107.45966666666668,1.2070958260773483,112.26925
WAINGAPU,2023,112.74,8,108.85,106.85,106.679,3.8900000000000006,3.5737253100597055,109.48,2.9951126856931514,112.32155555555556
WAINGAPU,2024,115.155,9,112.74,108.85,106.85,2.4150000000000063,2.142096860031928,112.24833333333333,3.181125324996399,112.6049
WAINGAPU,2025,115.155,10,115.155,112.74,108.85,0.0,0.0,114.35000000000001,1.3943009000929971,112.83672727272727
WAINGAPU,2026,115.155,11,115.155,115.155,112.74,0.0,0.0,115.155,0.0,113.02991666666667
WATAMPONE,2018,126.594,3,123.07,118.22,115.07,3.524000000000001,2.863411066872512,122.628,4.204460964261645,120.73849999999999
WATAMPONE,2019,126.594,4,126.594,123.07,118.22,0.0,0.0,125.41933333333333,2.0345823486242334,121.9096
WATAMPONE,2020,106.679,5,126.594,126.594,123.07,-19.914999999999992,-15.731393272982919,119.95566666666666,11.49793061091139,119.37116666666667
WATAMPONE,2021,106.679,6,106.679,126.594,126.594,0.0,0.0,113.31733333333334,11.497930610911382,117.55799999999999
WATAMPONE,2022,107.28,7,106.679,106.679,126.594,0.6009999999999991,0.5633723600708684,106.87933333333335,0.3469875117823605,116.27324999999999
WATAMPONE,2023,113.13,8,107.28,106.679,106.679,5.849999999999994,5.4530201342281925,109.02966666666667,3.563684937439479,115.924
WATAMPONE,2024,115.155,9,113.13,107.28,106.679,2.0250000000000057,1.7899761336515496,111.855,4.089391764064667,115.8471
WATAMPONE,2025,115.155,10,115.155,113.13,107.28,0.0,0.0,114.48,1.169134295109056,115.78418181818182
WATAMPONE,2026,115.155,11,115.155,115.155,113.13,0.0,0.0,115.155,0.0,115.73174999999999
